TIMESTAMP,T,E,WUE
2022-07-04,0.0348298837470519,0.8208384950743265,0.040704885922075974
2022-07-05,0.1056858150775355,1.0275362035701974,0.0932613497959118
2022-07-06,0.134748808441619,0.9987967929818412,0.11887374294638606
2022-07-07,0.1751873508578545,0.935668552501034,0.15770483851968697
2022-07-08,0.1822019483664579,0.9900150736094228,0.15543363127361823
2022-07-09,0.3748634021971276,0.9523332667577192,0.2824475158548495
2022-07-10,0.0691596537728583,1.481905878859623,0.044588479543788175
2022-07-11,0.0,1.740436233039527,0.0
2022-07-12,0.0586955574609563,2.095917012340815,0.027241815203165
2022-07-13,0.1937396802928067,1.0923306426183497,0.15064470180313033
2022-07-14,0.2168147335045055,1.2871890982918484,0.14415836510572322
2022-07-15,0.047939509302179,0.931892669235695,0.04892624507771865
2022-07-16,0.0646120095274354,1.3204882666535975,0.046647893036006145
2022-07-17,0.1044446908546219,1.6003965596844971,0.06126358734081166
2022-07-18,0.223667816218461,0.689692092142647,0.2448846442360279
2022-07-19,0.2114837328618317,0.5509636853044484,0.2773748429373129
2022-07-20,0.0611164370487331,0.4035298607662991,0.13153324870149405
2022-07-21,0.1277009837979411,0.2742138585407273,0.31773144543474086
2022-07-22,0.2134381835426209,0.1822224378081231,0.5394476276511048
2022-07-23,0.2177413824968855,0.1068907642498295,0.6707326574985565
2022-07-24,0.2885343522957868,0.1659807015876538,0.63481803260532
2022-07-25,0.260629277054598,0.1505523481210072,0.6338543872024677
2022-07-26,0.3209630591057993,0.1594795461439029,0.6680570282458277
2022-07-27,0.2782693631973224,0.4521736374530192,0.38095972300312064
2022-07-28,0.3187601308953582,0.2468758026159951,0.5635429293124287
2022-07-29,0.2027927771460936,0.1580269383572324,0.5620335265305764
2022-07-30,0.1758772044518484,0.1662268229999403,0.5141044546066739
2022-07-31,0.3376920400882045,0.1545376004415342,0.6860457239527054
2022-08-01,0.1873635120215575,0.1304816950194655,0.589480375575949
2022-08-02,0.2102622708998176,0.158504456137827,0.5701769044861619
2022-08-03,0.15644640486938,0.2002416986804961,0.43860841814564167
2022-08-04,0.6341922291797175,0.272665012745191,0.6993297289367969
2022-08-05,0.5019118638517132,0.078050642767708,0.865421226584694
2022-08-06,0.2340647919059736,0.2496364079706517,0.4839036826157865
2022-08-07,0.2940597975432133,1.7257975731993438,0.14558443670461174
2022-08-08,0.5041048261227314,1.0573834576467938,0.32283612458864724
2022-08-09,0.7808374530599109,0.3869632389219806,0.668639313558498
2022-08-10,0.5903750346904584,0.6569036639635812,0.47333048766690433
2022-08-11,0.3534151204498331,0.3000542725304813,0.5408288808110706
2022-08-12,0.5583597391322013,0.2823483865807753,0.6641540887435516
2022-08-13,0.754919543594797,0.4086206140015911,0.6488126247007157
2022-08-14,0.4940192445840087,0.2302682846641706,0.682076143291888
2022-08-15,0.6008220847780186,0.9222874357125712,0.39447070397439005
2022-08-16,0.9825248005592137,0.2732771602083771,0.7823883313246777
2022-08-17,0.5994213054196522,0.230962569679833,0.7218604833190406
2022-08-18,0.8645903317204349,0.4143088995541564,0.676042576754665
2022-08-19,0.9559910290202692,0.3353779687871235,0.7402926898844872
2022-08-20,0.5933600881763096,0.1314304283435787,0.8186642549151342
2022-08-21,0.2143909295503332,0.1276678717735914,0.626766300766248
2022-08-22,0.3161199673792759,0.2177212784024362,0.5921610026898099
2022-08-23,0.6334291863188698,0.1310671467013465,0.8285575207619987
2022-08-24,0.6035463537477975,0.2737705572578451,0.6879456513108473
2022-08-25,0.7600349211062255,0.4482899316128874,0.6289988320573782
2022-08-26,0.3163600732719766,0.1331841249791962,0.7037351933418067
2022-08-27,0.5211004611265025,0.2010550652455706,0.7215903529041445
2022-08-28,0.7085061360637667,0.2077829644626423,0.7732342725202441
2022-08-29,0.3568898629305656,0.3764006806440186,0.4866963934797637
2022-08-30,0.415259029874584,0.1410496609662952,0.7464543278065746
2022-08-31,0.456242345199091,0.1720348068713674,0.7261800682956007
2022-09-01,0.5133010898443104,0.1369226459251737,0.7894222582275662
2022-09-02,0.7689392312508891,0.1998447308256459,0.7937158967853991
2022-09-03,0.6576127328719298,0.2190090775767045,0.7501669762646895
2022-09-04,0.5551290166744507,0.394144446950281,0.5847935689203098
2022-09-05,0.5605075852848959,0.3554513335683064,0.6119352885243607
2022-09-06,0.4414224571308995,0.3783160509722907,0.538491790695933
2022-09-07,0.2859720059368967,0.2673641835810978,0.5168142105182095
2022-09-08,0.6071430976260319,1.042861502122484,0.36796448792843917
2022-09-09,0.931490863726564,0.27807699370743,0.7701021964180257
2022-09-10,0.195870328807385,0.1384775652513,0.5858279124468051
2022-09-11,0.5532208026185597,0.2281843587791049,0.7079820174581881
2022-09-12,0.5019120495229846,0.1019866995836201,0.8311195382760818
2022-09-13,0.6227797709931396,0.136029089296232,0.8207333935922185
2022-09-14,0.8445518530774552,0.8014746831028242,0.5130851991227902
2022-09-15,0.546582951190373,0.1295579466911751,0.8083861705495115
2022-09-16,0.3161933753324235,0.1291509040044305,0.7099976130899348
2022-09-17,0.5097783961367638,0.0898555278682387,0.8501493590154364
2022-09-18,0.4867493445311286,0.0337387897239677,0.9351785612322298
2022-09-19,0.4506221215046355,0.0142676277847457,0.9693096528659648
2022-09-20,0.496233359382479,0.1314084701012868,0.790631433520978
2022-09-21,0.7259363704810236,0.2915710978002698,0.7134457417862764
2022-09-22,0.9143098949290364,0.6073630436197603,0.6008583525189086
2022-09-23,0.4271437693166243,0.0432453388684836,0.9080647529545568
2022-09-24,0.2679231483643997,0.171468393696337,0.6097594576077773
2022-09-25,0.6774654736722994,0.1892363087847449,0.7816592597187558
2022-09-26,0.5148932413747841,0.0838636238696847,0.8599370984490613
2022-09-27,0.3483390570914469,0.0569730271354097,0.8594341759040143
2022-09-28,0.2024001239501631,0.0456496322826117,0.8159658248574403
2022-09-29,0.2558111802148606,0.1018521492679271,0.7152289852716683
2022-09-30,0.3916558149590718,0.1255220542880766,0.7572942274757463
2022-10-01,0.2302848408262008,0.1355228463393013,0.6295243345228368
2022-10-02,0.3604906346861487,0.05839259298107,0.8605993529359931
2022-10-03,0.3347736214111363,0.3224547313091823,0.5093718492598236
2022-10-04,0.4868233859609866,0.2793832912086054,0.6353682374047404
2022-10-05,0.5167675838044562,0.8807109557054875,0.3697857027455119
2022-10-06,0.7188296837467755,0.3739487293105996,0.6578000399327382
2022-10-07,0.625368835289012,0.3135514435639566,0.6660510475426024
2022-10-08,0.4062140995347685,0.1340542525808742,0.7518746895761528
2022-10-09,0.677983396295486,0.2234659280574193,0.752103726720488
2022-10-10,0.2418502028781027,0.0401163243688512,0.8577266430858432
2022-10-11,0.5276338191363157,0.2593364746759702,0.670462180446891
2022-10-12,0.3287424285940078,0.1161750641531182,0.7388840267084135
2022-10-13,0.3864021428973167,0.1166679836898206,0.7680880308252364
2022-10-14,0.8719514984412344,0.4002048482808035,0.6854122142203587
2022-10-15,0.3226414003106206,0.0906122320770846,0.7807345780518773
2022-10-16,0.2297488644379072,0.1573318614466728,0.5935425069612325
2022-10-17,0.3203823803770413,0.0232279748024326,0.9324002479776833
2022-10-18,0.452602018525253,0.1808783278432199,0.7144689193908955
2022-10-19,0.2782817187412136,0.9096802996973034,0.23425136024718463
2022-10-20,0.6649587232528806,0.5456586956223943,0.5492723901748093
2022-10-21,0.5560125624640109,0.167077388564058,0.768939689555204
2022-10-22,0.4729725976242528,0.2142361887634506,0.6882516740078688
2022-10-23,0.3511028855181058,0.0913470266147424,0.7935426720407734
2022-10-24,0.4244486722388752,0.2104502175813695,0.6685295549328286
2022-10-25,0.2299485986420242,0.1681733097933576,0.5775833828028246
2022-10-26,0.6026970733666848,0.2353983437607337,0.7191270361940838
2022-10-27,0.4316289557218082,0.0683725146123927,0.8632553728958186
2022-10-28,0.4109780014631047,0.0736325346547266,0.8480583289736335
2022-10-29,0.3417592359484419,0.4166970628705895,0.4505984543612922
2022-10-30,0.3211705720094856,0.0648359472309556,0.8320340616046185
2022-10-31,0.6309751212660972,0.1533892118159014,0.8044413732924469
2022-11-01,0.3644216309818145,0.0394856002407396,0.9022409177443448
2022-11-02,0.176160299366919,0.3045032227252279,0.36649400520380593
2022-11-03,0.2041962275939722,0.0155933583109073,0.9290532431429404
2022-11-04,0.1319182795737932,0.0921328069249679,0.5887866094973061
2022-11-05,0.2209143230698633,0.0321622777301667,0.8729148501738415
2022-11-06,0.2524222094103931,0.0389114190896054,0.8664369119007984
2022-11-07,0.2157525778604091,0.062962525736606,0.774097187687247
2022-11-08,0.0992451505408316,0.2338755149273887,0.29792552918125575
2022-11-09,0.2900222779894256,0.0,1.0
2022-11-10,0.1985203879529196,0.0706064379222922,0.7376462279719717
2022-11-11,0.2871257602345335,0.0347150461823427,0.8921359706718582
2022-11-12,0.2495439817509479,0.1328100487045455,0.6526516314047204
2022-11-13,0.4567258229697229,0.2992995238890617,0.6041144319663043
2022-11-14,0.9448285901418996,0.7287036036056149,0.5645715055090513
2022-11-15,0.4538174680698547,0.0520405053282678,0.8971242758541821
2022-11-16,0.1455601217121095,0.060265801144878,0.7072001412244266
2022-11-17,0.3040081278220355,0.0137667572057203,0.9566776423992165
2022-11-18,0.3118711456433553,0.0436410185500663,0.8772446544857948
2022-11-19,0.1967272458279245,0.0622465601609331,0.7596414821829074
2022-11-20,0.3202333281221538,0.147749121011484,0.6842849100751371
2022-11-21,0.4225558280874552,0.3435736043261048,0.5515462664791055
2022-11-22,0.1813931246249566,0.0243926785262431,0.8814656883384674
2022-11-23,0.1695971957560108,0.0554121460580021,0.7537340200576899
2022-11-24,0.2245310783836195,0.0467392507799163,0.8277023111077532
2022-11-25,0.2101767630671544,0.2223271206440603,0.4859534699750595
2022-11-26,0.1874135503916743,0.1044849937602974,0.6420503087336428
2022-11-27,0.1663071055943141,0.0089799189922362,0.9487702012546727
2022-11-28,0.1276886832730318,0.0394464130376985,0.7639848606999846
2022-11-29,0.167860581244618,0.1029744006552153,0.619789142699078
2022-11-30,0.233227591736187,0.1998101306256935,0.5385849308095233
2022-12-01,0.2302530090379593,0.0337289313659345,0.872230155917753
2022-12-02,0.1699248530573884,0.0025720370215415,0.9850893716381519
2022-12-03,0.2987931926836315,0.2498453110446437,0.5446085002295339
2022-12-04,0.2420087051108103,0.1653701424398476,0.5940630117785296
2022-12-05,0.176791355278045,0.0215553600867655,0.8913248447441156
2022-12-06,0.3622636298893904,0.2415160210690323,0.5999931089336041
2022-12-07,0.4264852587593827,0.2166282291746202,0.6631570737685245
2022-12-08,0.2420019021418181,0.0739945543307065,0.7658373921128441
2022-12-09,0.1606440698753018,1.7996483223753774,0.08194903500638535
2022-12-10,0.2248882652773172,0.2564452399234376,0.4672192208674954
2022-12-11,0.2815116653853307,0.0738901893955761,0.7920939679925787
2022-12-12,0.3000792748276638,0.27769897494185,0.5193675513873547
2022-12-13,0.2509701108323089,0.0279074634459668,0.8999293381040401
2022-12-14,0.4302702204117526,0.364841278468178,0.5411445074280425
2022-12-15,0.4032665489281619,0.4288910787815461,0.4846035600707591
2022-12-16,0.1524142047660175,0.0724391428636121,0.6778382726908239
2022-12-17,0.1574346098528463,0.0411236112239207,0.7928889017996319
2022-12-18,0.1195154740080996,0.0973997012504128,0.5509779288870176
2022-12-19,0.1305460091292438,0.0988775090375249,0.5690175539647574
2022-12-20,0.8207938528538984,0.4002145625939824,0.6722262045612692
2022-12-21,0.8995636305123986,0.5797027121363849,0.6081147150969679
2022-12-22,0.7019888831891151,0.3282452292160819,0.6813877299696894
2022-12-23,0.2014286277713032,0.0734801312619487,0.7327108400607169
2022-12-24,0.4182400683629044,0.1189343492969455,0.7785926779330411
2022-12-25,0.1598176118300533,0.0154008977413658,0.9121046185186937
2022-12-26,0.2337708607330959,0.1638939876200741,0.5878590016220939
2022-12-27,0.6398177077214214,0.4249258705714,0.6009124833110394
2022-12-28,0.1699141567084622,0.2982185231953644,0.36296153633916234
2022-12-29,0.0864369455331496,0.2263787681587776,0.27631906502713605
2022-12-30,0.2253585574598094,0.1510742469545978,0.5986687526088103
2022-12-31,0.2894340937170278,0.2004861158522091,0.5907780247961462
2023-01-01,1.2520503284733104,0.6725753623769632,0.6505422505922029
2023-01-02,0.1833018557255366,1.5782079551317252,0.10405951451177575
2023-01-03,0.5052437625789419,0.4406813462664248,0.5341266003559862
2023-01-04,0.1592899938558024,0.1309437032652873,0.5488335621805635
2023-01-05,0.2438036383936934,0.1363153492943027,0.6413876872517845
2023-01-06,0.1863027411996945,0.0995707712355169,0.6516964080116271
2023-01-07,0.385461436218675,0.2327679737039282,0.6234925579922368
2023-01-08,0.1315105544932644,0.1039793140441157,0.558455254614868
2023-01-09,0.0954406145906707,0.0239425437978424,0.7994478943175111
2023-01-10,0.1169440396363973,0.1424809410736593,0.45078172239356734
2023-01-11,0.1446319832227195,0.1821214395730647,0.44263341447263804
2023-01-12,0.1943017243541398,0.2060490486733256,0.48532871033275127
2023-01-13,0.1962953365988581,0.0612120532375244,0.7622901102899692
2023-01-14,0.1697350090860494,0.0,1.0
2023-01-15,0.1966775449445593,0.0754114682055687,0.7228426560393322
2023-01-16,0.0978466236592517,0.0,1.0
2023-01-17,0.0399030904638244,0.1040921522501368,0.27711394982047943
2023-01-18,0.0993424510188186,0.0947104199080702,0.5119349718677791
2023-01-19,0.056064198828691,0.0032604688328763,0.9450402511906771
2023-01-20,0.1171252215667648,0.0734417526158942,0.6146144790781006
2023-01-21,0.1495848021245375,0.06270310143563,0.7046317741893454
2023-01-22,0.0806420291510569,0.0600135206664584,0.5733298775318914
2023-01-23,0.0448154850861848,0.0334371007265105,0.5727029288649291
2023-01-24,0.2195706347282829,0.1945152922053488,0.5302537962452294
2023-01-25,0.1169030203294053,0.0936956607196271,0.5550985397775948
2023-01-26,0.170236267410699,0.0673470194220511,0.7165330090350129
2023-01-27,0.5167364718846562,0.8035516010077683,0.39138161019103535
2023-01-28,0.2900344024295919,0.6678492651388576,0.30278666632434914
2023-01-29,0.1202219115733431,0.0839606068845892,0.588796300884654
2023-01-30,0.2191962982868775,0.0252581960155409,0.8966752642956378
2023-01-31,0.1462036995557885,0.0562734129115315,0.7220751904953501
2023-02-01,0.1993907753278232,0.1075659683835858,0.6495728776536803
2023-02-02,0.1359782325683714,0.0846375187236134,0.6163577703407238
2023-02-03,0.1896033071032202,0.0,1.0
2023-02-04,0.1118046902954681,0.0033212232731281,0.9711513839918482
2023-02-05,0.1065913292634935,0.1302739379724758,0.4500082705553675
2023-02-06,0.1688338383878687,0.0744013185770161,0.6941177438927663
2023-02-07,0.1055540272461493,0.0184146876577151,0.8514569770930079
2023-02-08,0.0877780473238437,0.0712055742910845,0.5521200638921762
2023-02-09,0.1067475531359556,0.0354871623952555,0.7505028061347765
2023-02-10,0.1135915548506236,0.0141859475694317,0.8889793015143082
2023-02-11,0.1930787637419938,0.3696959959385765,0.34308355238174654
2023-02-12,0.0725435815865894,0.1824651009207392,0.2844749475716561
2023-02-13,0.2581962050491538,0.3153940442191218,0.45014050601197036
2023-02-14,0.3982401072516489,0.2424604852031308,0.6215697502726384
2023-02-15,0.1228617657604052,0.0733104770699581,0.6262953616055045
2023-02-16,0.096068155497043,0.0110573911080292,0.8967810064130338
2023-02-17,0.063394518079225,0.0614208881982071,0.5079061949957966
2023-02-18,0.0880843147239406,0.006980371437795,0.9265724032800241
2023-02-19,0.1272362554920952,0.163097750959107,0.43824096614559127
2023-02-20,0.2154589630546775,0.7897824578887137,0.2143355402650194
2023-02-21,0.0462440764777959,0.1573743487989897,0.22711145327312457
2023-02-22,0.1302635190998761,0.0,1.0
2023-02-23,0.2145206421805445,0.0,1.0
2023-02-24,0.1165748363852117,0.0026384888898384,0.9778675002668463
2023-02-25,0.2128129174893732,0.1218112475526369,0.6359759387450569
2023-02-26,0.3500335286798359,0.5303547815762069,0.39758993230843315
2023-02-27,0.0905581679383038,0.0145980680662562,0.8611773431523057
2023-02-28,0.419962518988678,0.8431795613156394,0.33247449003321955
2023-03-01,0.1060798836197396,0.0636365415689385,0.6250419398229009
2023-03-02,0.1268574523984501,0.0522125283545506,0.7084238902858336
2023-03-03,0.0948908211482709,0.1189263344411012,0.4437942357184154
2023-03-04,0.1151271607713858,0.1620119427413038,0.41541290749724313
2023-03-05,0.1459091984913799,0.0,1.0
2023-03-06,0.1503791682402692,0.0273360671027774,0.8461805086659557
2023-03-07,0.0836296356509456,0.0778819012655366,0.5177935721965831
2023-03-08,0.090975000023858,0.0291829213073367,0.7571286105482885
2023-03-09,0.0773860327662631,0.0753144681113155,0.5067830971183533
2023-03-10,0.1369078291819818,0.3177955040149911,0.3010926447787325
2023-03-11,0.0763110731915875,0.036892982092974,0.6741019391908182
2023-03-12,0.064935181510151,0.0438565228488527,0.5968762222519304
2023-03-13,0.0918138298053698,0.0891531129918671,0.5073513890779596
2023-03-14,0.1052415260171902,0.1312359951091206,0.4450381817093603
2023-03-15,0.518680274905192,0.3572917222662835,0.5921196985520281
2023-03-16,0.1231753437275263,0.0732594694661534,0.6270545517106408
2023-03-17,0.1910476907639783,0.1898728158238401,0.5015421523911411
2023-03-18,0.139851254195687,0.1195395377397983,0.539152732262255
2023-03-19,0.1323577141050183,0.1372826847988653,0.49086752075381224
2023-03-20,0.0713296126709689,0.0127345681840407,0.8485137420656634
2023-03-21,0.1613615013107238,0.0877922402544861,0.6476382826805407
2023-03-22,0.1149456991825897,0.0830020500546219,0.580687073359162
2023-03-23,0.1582370156428316,0.065228425479174,0.7081050870699904
2023-03-24,0.078823514417472,0.0213629278653958,0.786768275441108
2023-03-25,0.0825378035215473,0.0090119148146163,0.9015626156104027
2023-03-26,0.0785604407665893,0.0640110750800526,0.5510247983271316
2023-03-27,0.0908239345235344,0.0503826319576945,0.6431990861813637
2023-03-28,0.1649366643724875,0.0872224350847832,0.6540976103082754
2023-03-29,0.2052328941374315,0.0499608231793941,0.8042239295516542
2023-03-30,0.1760085026363395,0.0,1.0
2023-03-31,0.0700816445801401,0.0413663955169811,0.6288279678948825
2023-04-01,0.0924414456501763,0.0894442586461433,0.5082392044378323
2023-04-02,0.1985135159993462,0.1193131881804212,0.6245967169802826
2023-04-03,0.365470932191225,0.2006989940261097,0.6455145624441597
2023-04-04,0.1244338938131202,0.0126199902172803,0.9079194996437969
2023-04-05,0.146566148600864,0.2974420831974049,0.3300978182482324
2023-04-06,0.2927194455841486,0.2870599014082893,0.5048807742162753
2023-04-07,0.1938383966061284,0.1517962304725623,0.5608187994485784
2023-04-08,0.1422885638585629,0.0044509563810359,0.9696676370907558
2023-04-09,0.1406032536311406,0.0804961267476331,0.6359278501381047
2023-04-10,0.1323066761612722,0.2145883384486362,0.3814026451491503
2023-04-11,0.1004215743643756,0.0712237793481035,0.5850526809632755
2023-04-12,0.0888615622297471,0.0961117351155873,0.48040210941283984
2023-04-13,0.0969032495459524,0.3016739766412267,0.24312289608951435
2023-04-14,0.1234253999764455,0.0735439033423517,0.626622513746114
2023-04-15,0.1638540585465983,0.1238560807622102,0.5695108936384354
2023-04-16,0.0713616645014698,0.0711462845601881,0.5007556769383739
2023-04-17,0.1042745142497491,0.0766064931850665,0.5764812775455526
2023-04-18,0.1935631589735993,0.2324104267826763,0.45440178791824926
2023-04-19,0.2034284228582298,0.2652112022050875,0.4340828474133933
2023-04-20,0.1027060393527015,0.0172136183877803,0.8564570754110031
2023-04-21,0.132439849826735,0.0,1.0
2023-04-22,0.1115921279309534,0.0497281740586324,0.6917426173561052
2023-04-23,0.0725229021058588,0.042675181011038,0.6295495562392862
2023-04-24,0.105183232123973,0.0629115237993606,0.6257377367081342
2023-04-25,0.0668653491438299,0.1247993986768472,0.34886618381377876
2023-04-26,0.0060670783344031,0.2180566347458323,0.027070220509112796
2023-04-27,0.0732764670898226,0.1361295979694403,0.34992523769110995
2023-04-28,0.1191898812858301,0.0234828413811146,0.8354076312405353
2023-04-29,0.1032624043806282,0.0,1.0
2023-04-30,0.2192147549052912,0.0575052500789153,0.792189762058593
2023-05-01,0.1387251252385387,0.0150222902891164,0.902292404476781
2023-05-02,0.2765908896300145,0.2283708862995171,0.5477461915228476
2023-05-03,0.1487262669437029,0.0487463473075164,0.7531488227248432
2023-05-04,0.0201115554546673,0.0561153367396411,0.26383806128946397
2023-05-05,0.1265337297729373,0.0,1.0
2023-05-06,0.0803877494194246,0.0978302007530628,0.451064269012306
2023-05-07,0.1342676158688154,0.0944834049393079,0.5869596358279829
2023-05-08,0.1694297871944298,0.1522935008556092,0.5266320266131237
2023-05-09,0.1594175331717615,0.1158765372481724,0.579080882231084
2023-05-10,0.2077874583146364,0.178508121637366,0.5378975817959247
2023-05-11,0.2709172634020637,0.1433038951201533,0.6540401373232432
2023-05-12,0.19964533858428,0.0132660670033757,0.9376920791689853
2023-05-13,0.1404434496579795,0.050491852423865,0.7355551756362915
2023-05-14,0.1364851093366852,0.0805032604586059,0.6289973488691885
2023-05-15,0.1015376701440834,0.0553293124974973,0.6472851611870606
2023-05-16,0.1538560575485306,0.041190682085894,0.7888163515929693
2023-05-17,0.1759768771281386,0.0668487400710905,0.7247047455613232
2023-05-18,0.17972751877364,0.1238845083757885,0.5919644240087487
2023-05-19,0.1780203422642281,0.1467693212905897,0.5481096298318063
2023-05-20,0.0840877649378125,0.0320604261595585,0.7239696472527828
2023-05-21,0.1191753344321791,0.0020939483714402,0.9827330687291101
2023-05-22,0.1986888535168424,0.1664468872162325,0.5441506578291657
2023-05-23,0.3003103930386732,0.1377013503520721,0.6856217842788971
2023-05-24,0.0669618462410992,0.0897619943547123,0.42726011554166043
2023-05-25,0.0817114087366888,0.2246914009555606,0.26667969793997526
2023-05-26,0.1246216091229819,0.1868026923763687,0.40016661680861715
2023-05-27,0.2479708896991843,0.0757953904240402,0.765894736180702
2023-05-28,0.1599817518852645,0.3615242429221887,0.30676876867797437
2023-05-29,0.321420228064357,0.1601685041736908,0.6674164210002322
2023-05-30,0.5035394132019897,0.3834040174981187,0.5677243844114399
2023-05-31,0.3087767630033032,0.4809315510522697,0.3910010284905955
2023-06-01,0.1152120563146135,0.0904519417092971,0.5601955491559533
2023-06-02,0.1858190372976934,0.1007442000136351,0.6484399012278591
2023-06-03,0.3063628306333352,0.041696967314417,0.8802017137277193
2023-06-04,0.2484582464453129,0.705261775810612,0.26051486877418273
2023-06-05,0.4010457815036597,0.6455233781654874,0.38320045818132337
2023-06-06,0.251065494992279,0.2503779244372053,0.5006855913632847
2023-06-07,0.0943699672263699,0.0849847149369743,0.5261639455858981
2023-06-08,0.1425016211982714,0.2000533673577915,0.41599633915402584
2023-06-09,0.1809781635640922,0.1249233576722269,0.5916223065274675
2023-06-10,0.2359532731974866,0.2073392945481149,0.5322743721994825
2023-06-11,0.3371027226671909,0.2305982197717992,0.5938033521996817
2023-06-12,0.2344872441441254,0.1626818630294292,0.5903964832835283
2023-06-13,0.0684232523036181,0.0786544942984587,0.4652182528247407
2023-06-14,0.1661919709468163,0.0653118336099928,0.717880085232181
2023-06-15,0.3877773528157781,0.2812200409681999,0.5796395567738086
2023-06-16,0.5611777549971302,0.4197427304420018,0.5720930119487777
2023-06-17,0.5154528596445166,0.3679682458562244,0.5834735625343108
2023-06-18,0.1562060477381019,0.0947061828023891,0.6225525451733375
2023-06-19,0.2154216076341863,0.0671884022372092,0.762257528430136
2023-06-20,0.0848110091417073,0.1603742778049316,0.3459057849591326
2023-06-21,0.3538817231225057,0.24049492160671,0.595382955001077
2023-06-22,0.3627572650219667,0.1780507662654572,0.67076900496171
2023-06-23,0.2183543433739479,0.1862467163353904,0.539678130182881
2023-06-24,0.3590876143078307,0.2561962615244072,0.5836129117183932
2023-06-25,0.4291227155290569,0.1595690082010271,0.7289430074029889
2023-06-26,0.4073922013741747,0.473985568458737,0.4622220066333266
2023-06-27,0.433609427542484,0.5022975232272756,0.46330399318634324
2023-06-28,0.3272320593215674,0.0369802013323734,0.898465248627337
2023-06-29,0.4276143527461449,0.2158776928789732,0.6645215829058779
2023-06-30,0.2419678354454578,0.1313987898878981,0.6480703389849581
2023-07-01,0.0737198047443485,0.212650504226159,0.2574282404114063
2023-07-02,0.0809036091888466,0.0994174643635116,0.44866419434529015
2023-07-03,0.392526376695812,0.3552815868948764,0.5249026432014045
2023-07-04,0.1717125952122943,0.2832153692131094,0.3774500770230199
2023-07-05,0.3019985239630954,0.1526988421668974,0.6641747818630589
2023-07-06,0.2781390714845236,0.2633935707069876,0.5136146001447511
2023-07-07,0.155457706069789,0.1718091826336077,0.4750181317935923
2023-07-08,0.2720183176380833,0.1142522315770775,0.7042170783943547
2023-07-09,0.1982040232641022,0.0428281082162889,0.822313697542134
2023-07-10,0.2430732415081819,0.1014625834393998,0.7055093372225181
2023-07-11,0.29003177641513,0.4769864661865104,0.3781289157235355
2023-07-12,0.2119809834706547,1.0348695071742695,0.17001315318968924
2023-07-13,0.4823900727252067,0.5022846394619811,0.4898978990266826
2023-07-14,0.0832920077305396,1.9490647684754845,0.040982965543101144
2023-07-15,0.3151318158800321,0.4802072289407874,0.39622324332263553
2023-07-16,0.488021476769476,0.7203945370082561,0.40385220917739295
2023-07-17,0.5021856754396308,0.292812944224369,0.6316811916627928
2023-07-18,0.414499260958686,1.0070912810647583,0.29157429562573034
2023-07-19,0.491882920436978,0.3119865089173333,0.6118940495499015
2023-07-20,0.41308764784473,0.1766611313439964,0.7004468045071395
2023-07-21,0.3155121624680717,0.1233978184990936,0.7188539248362982
2023-07-22,0.2429170885491792,1.2156050127387583,0.16655015946256352
2023-07-23,0.3083753602539215,0.3539861600334575,0.46556955802644845
2023-07-24,0.7215116930476799,1.1393116009144355,0.38773788751935584
2023-07-25,0.6351348849897431,0.8103172119702283,0.4394022370755409
2023-07-26,0.3635921543661802,0.2558204598021042,0.5869950757370241
2023-07-27,0.4633657238449787,0.2560080514883954,0.6441237361345908
2023-07-28,0.5614411855913309,0.7326811865421476,0.433839332107167
2023-07-29,0.592085478382434,0.2020941178603513,0.7455309619934255
2023-07-30,0.4273320118844758,0.1393266023424489,0.7541260313627669
2023-07-31,0.4224852695609807,0.3949043748069394,0.5168713262665381
2023-08-01,0.7068963959275998,0.4398702871265362,0.6164256481928408
2023-08-02,0.4828706728204499,0.1203241842271131,0.8005218664892806
2023-08-03,0.4597104796217294,0.086785515527321,0.8411964290723644
2023-08-04,0.2290263841156405,0.1077909565500509,0.6799720693209825
2023-08-05,0.1249379224947852,0.1849211850584533,0.4032088115186963
2023-08-06,0.4342859733279908,0.1685747972073172,0.7203752417699499
2023-08-07,0.4199516338682236,0.1388905789253287,0.7514672733274039
2023-08-08,0.5234989175005266,0.2643816433874838,0.6644394385241558
2023-08-09,0.3533681292954396,0.1745649285321021,0.6693426828574796
2023-08-10,0.144749716846435,0.9660240879504944,0.130314305416032
2023-08-11,0.6341370049503543,1.0340529481180276,0.3801347704941848
2023-08-12,0.782815832064442,0.3161700561024569,0.712307446795494
2023-08-13,0.7903929895976993,0.2915530278763547,0.7305290438084667
2023-08-14,0.4381595863881653,0.1575573965837491,0.7355163591312667
2023-08-15,0.3215850014724446,0.2266191639327682,0.5866153921591248
2023-08-16,0.7772410230584624,0.3218175500129398,0.7071879898870209
2023-08-17,0.5473713147134973,0.2302119962788733,0.7039391239183475
2023-08-18,0.8761472633046454,1.0049157459572229,0.4657724164425767
2023-08-19,0.8742833413388722,0.3453499416666232,0.7168411632588522
2023-08-20,0.988566719604291,0.2893086370164053,0.7736018340775633
2023-08-21,0.7331601998265935,0.2284100753009171,0.7624613809212973
2023-08-22,0.675570790745544,0.3355774994492351,0.6681223686937231
2023-08-23,0.6501960088580601,0.207986936301461,0.7576426594415717
2023-08-24,0.5669544746011637,0.1062267549893688,0.8422018465161573
2023-08-25,0.6689741679676019,0.3416622882796022,0.6619335408220909
2023-08-26,0.9148832469176847,0.747482440640121,0.5503501749135274
2023-08-27,0.7846706215122478,0.5446529251426273,0.5902781331804449
2023-08-28,0.8964334261376445,0.4673477340627125,0.6573147160985469
2023-08-29,0.7124749625390144,0.6871179190578094,0.5090587212233727
2023-08-30,0.6758204819776857,0.2755552294820386,0.7103612945307949
2023-08-31,0.6002513282370339,0.4313929553772233,0.5818394361030301
2023-09-01,0.4939742508131161,0.3250229722626487,0.6031452084269386
2023-09-02,0.3097839151764529,0.1438762955417208,0.6828544973914392
2023-09-03,0.8938538399649628,0.1736029565442839,0.83736769758552
2023-09-04,0.546721972905084,0.2158335271714259,0.7169602381075599
2023-09-05,0.7210513304633962,1.1017468489976634,0.3955738702112304
2023-09-06,0.480119047003223,0.2232309243834112,0.6826175681171667
2023-09-07,0.6289489727609607,0.4786596614133839,0.5678440501051206
2023-09-08,0.9305910330764928,0.6647041258459396,0.5833347063530709
2023-09-09,0.5585085194019764,0.3030234478099554,0.6482737038875153
2023-09-10,0.5110131040622925,0.3986787116532197,0.5617431038008828
2023-09-11,0.469348105001895,0.7566162494914064,0.38283992783450826
2023-09-12,0.5215961597159293,0.0751016946588632,0.8741378168058721
2023-09-13,0.5155550383753534,0.2407650991220415,0.6816624506142139
2023-09-14,0.788095380022097,0.262215642940092,0.7503447672094633
2023-09-15,0.7443129577153267,0.2474794379634444,0.7504725393724436
2023-09-16,0.4815746852729112,0.2844670839405332,0.6286532988499856
2023-09-17,0.5064537602785734,0.1590221774994765,0.7610399287607094
2023-09-18,0.4944303966898683,0.1771597941780549,0.7362084845981682
2023-09-19,0.5939907817344591,0.2456887444931967,0.7074017683901643
2023-09-20,0.4020955540283554,0.2099211110402658,0.657000988663064
2023-09-21,0.5188937164632408,0.2582263184644638,0.6677137290785631
2023-09-22,0.7173320200872727,0.391458115226322,0.6469502182975253
2023-09-23,1.0618548709759164,0.8395065728447965,0.5584708128098779
2023-09-24,1.4704646069420106,1.6685707305111277,0.4684447445994905
2023-09-25,0.8258860293700032,0.4498266285750087,0.6473918905064294
2023-09-26,0.3862693341890158,0.0652903988821334,0.8554113794910805
2023-09-27,0.2639798102301903,0.0870704952613066,0.7519714585082006
2023-09-28,0.2544873626710791,0.038945960151129,0.8672749237320724
2023-09-29,0.3993173007676518,0.1949030555575016,0.6720020553270108
2023-09-30,0.1753111678129836,0.1056999830678434,0.6238584029974337
2023-10-01,0.1423354425692168,0.0904915005126773,0.61133578736698
2023-10-02,0.3065500813596863,0.0743154213401833,0.8048775202443433
2023-10-03,0.3297676477875341,0.0710710907392901,0.822694056466466
2023-10-04,0.215905732191146,0.1204269856425267,0.6419409136934406
2023-10-05,0.3569952457358777,0.0866243046274305,0.8047328965630836
2023-10-06,0.2374677860243532,0.0908349162722467,0.7233196204696989
2023-10-07,0.2414952813487981,0.122835172491494,0.6628468161342889
2023-10-08,0.5503776066701636,0.3101958244595028,0.6395475235014962
2023-10-09,0.2706785008593244,0.1817751908314755,0.5982457560414869
2023-10-10,0.2534271440586648,0.0515511686941229,0.8309677556124794
2023-10-11,0.3088704629461112,0.1029139065305805,0.7500781618754333
2023-10-12,0.6489093475694856,0.40769448562808,0.6141463121572373
2023-10-13,0.5737536356037419,0.408170465164035,0.5843156667150932
2023-10-14,0.4498746749411374,0.2300716914815551,0.6616325892114118
2023-10-15,0.3719126208589247,0.2810134695878437,0.5696090664786291
2023-10-16,0.5121473490461259,0.4168746638516875,0.5512757953373263
2023-10-17,0.2038966008374923,0.1400425552534153,0.5928275313427813
2023-10-18,0.4552908714074966,0.1292458011424659,0.7788918861520724
2023-10-19,0.3811740753359118,0.1464026644793578,0.7224997740980383
2023-10-20,0.2299897162795972,0.1284071896508806,0.6417179179672127
2023-10-21,0.1923160763352717,0.0218841025485017,0.8978334067574417
2023-10-22,0.1880483360374072,0.0267007996573627,0.8756651589261182
2023-10-23,0.148492749901931,0.5338314696648212,0.21762784559548212
2023-10-24,0.1519824396710464,0.1940957476160403,0.439156367705343
2023-10-25,0.2190981221386706,0.075585997068952,0.7435016271925494
2023-10-26,0.1865766531855021,0.0655114829403627,0.7401246883445021
2023-10-27,0.1196696186983551,0.114273850726617,0.5115322047351883
2023-10-28,0.2514403002930223,0.1901856505627499,0.5693512797556106
2023-10-29,0.3339815353381612,0.0843154034066114,0.7984316986406226
2023-10-30,0.290572426768605,0.073631588161772,0.7978287302081286
2023-10-31,0.6303472201149295,0.8115701933399555,0.4371590316012588
2023-11-01,0.3526298508161487,0.267673584002126,0.5684796037272561
2023-11-02,0.3206856714436079,0.1545564852029062,0.674783722274315
2023-11-03,0.6006609175739461,0.3867553872833854,0.6083157778731775
2023-11-04,0.1941381902598262,0.1177120989294845,0.6225365086705864
2023-11-05,0.1483249868911837,0.1274656419784321,0.5378173562282517
2023-11-06,0.0777720008070691,0.0401117694448233,0.6597345897648758
2023-11-07,0.19170824139401,0.0714926060245592,0.7283724322100519
2023-11-08,0.3149140904631917,0.3202067280154516,0.4958333616232753
2023-11-09,0.1001330658069147,0.1298306385280826,0.4354298696678101
2023-11-10,0.0913268332895175,0.2150849797868073,0.2980525860690909
2023-11-11,0.1070732982986107,0.2176278758819941,0.32975950446996094
2023-11-12,0.0866844602173857,0.176994239219597,0.3287503328955954
2023-11-13,0.1076728594965019,0.2324175136434375,0.31660072733725103
2023-11-14,0.1570542263977463,0.1224004778372091,0.5620024426774394
2023-11-15,0.2084250684982354,0.1157586017379582,0.6429227861674253
2023-11-16,0.256558539521171,0.2161113847258755,0.5427858350197836
2023-11-17,0.2239455549589739,0.091118804078497,0.7107930444533076
2023-11-18,0.3017754026651424,0.2462143659018691,0.5506953231157626
2023-11-19,0.2750109296854121,0.0255442168725733,0.9150098836599189
2023-11-20,0.2508772510067324,0.0723166101702223,0.7762438620991393
2023-11-21,0.1803455495578999,0.1499322666541697,0.5460419704425471
2023-11-22,0.3270922146116787,0.1572441888492428,0.675340966060731
2023-11-23,0.2291672294895203,0.0597257823860165,0.79325985769518
2023-11-24,0.0956446547719678,0.1351307011478635,0.41444917023633
2023-11-25,0.1631414209840629,0.0504636939452203,0.7637524084480516
2023-11-26,0.136633309259276,0.1087982143110316,0.5567064379981136
2023-11-27,0.1370883340860144,0.1197777715478528,0.533695692344158
2023-11-28,0.3018261527863717,0.1277334559814975,0.7026409062344507
2023-11-29,0.1832802998395767,0.07708030364657,0.703947899127253
2023-11-30,0.1351229358826689,0.0255002404620798,0.8412418366864559
2023-12-01,0.3298053933919598,0.1839718973423768,0.641922870745362
2023-12-02,0.1651616680722194,0.1017317139443782,0.6188301366796285
2023-12-03,0.1957647049126385,0.1639201681681881,0.544267272726388
2023-12-04,0.2382925610104463,0.0609529440867881,0.7963112459551145
2023-12-05,0.280697708073169,0.0790567361943789,0.7802480623822823
2023-12-06,0.3582703061879825,0.4166581004590359,0.4623269751307174
2023-12-07,0.2477443037384684,0.110118201213035,0.6922890783767416
2023-12-08,0.1475663277690002,0.1249394855645507,0.5415162559793797
2023-12-09,0.3616683942751463,0.211723432369844,0.6307526153473925
2023-12-10,0.2179737037256805,0.1257245060765315,0.6342008701503503
2023-12-11,0.159759876249443,0.0797081400105879,0.6671449437989443
2023-12-12,0.2042623868109905,0.4877595645585719,0.29516749635866346
2023-12-13,0.2643516995505763,0.5663721104714863,0.31821851782911525
2023-12-14,0.0736761946989033,0.0922126782226015,0.44412981655355127
2023-12-15,0.0734889710400171,0.1182796915468142,0.3832167886488852
2023-12-16,0.1285074427600717,0.1040607749742458,0.552558058069984
2023-12-17,0.1760753867191661,0.0625076364554546,0.7380046760087167
2023-12-18,0.2191763599199231,0.2553393042533486,0.46189488876365054
2023-12-19,0.0641043546458716,0.0312594996174517,0.672208093318707
2023-12-20,0.1944538623831388,0.0761452634217884,0.7186049171619242
2023-12-21,0.0860400107130336,0.0658385117858118,0.5665054498649582
2023-12-22,0.1086201450684919,0.0293287109146292,0.7873943157729576
2023-12-23,0.0401999456150359,0.0138952741743786,0.7431330489372063
2023-12-24,0.1324969782251591,0.0801768705500762,0.6230055034419805
2023-12-25,0.0723388178952954,0.1234770754564431,0.36942260741499283
2023-12-26,0.0718214334670951,0.0,1.0
2023-12-27,0.1533952432423942,0.0,1.0
2023-12-28,0.1219484313923844,0.0,1.0
2023-12-29,0.1062779540198799,0.0823665672888498,0.5633768385245004
2023-12-30,0.0906056463665761,0.0976147970197739,0.48138047459911015
2023-12-31,0.2397987913013823,0.1726356682424647,0.5814227830686117
2024-01-01,0.1456942820288898,0.0649222949216298,0.6917512578467074
2024-01-02,0.1068961482154378,0.0032301138926533,0.9706689954710087
2024-01-03,0.1164204055874223,0.0358790494956932,0.7644177421638662
2024-01-04,0.1416833410499647,0.0218212876786244,0.8665402450786465
2024-01-05,0.0961265985415538,0.0485703417882961,0.664330554069937
2024-01-06,0.1184882759840172,0.0737763152025697,0.6162771587464483
2024-01-07,0.2930093844551074,0.1098320271157163,0.7273566620486169
2024-01-08,0.3690376544456465,0.395491066529388,0.48269953020862033
2024-01-09,0.1819752766032272,0.1668730176355074,0.5216458833497757
2024-01-10,0.223353728098093,0.0898574070799321,0.7131091554939184
2024-01-11,0.1479542842397744,0.204049999925032,0.42031955545888483
2024-01-12,0.1353677887190048,0.0307166771758015,0.815053882310362
2024-01-13,0.207850994389795,0.0855834704572326,0.7083387239401182
2024-01-14,0.868166728629535,0.4699569329525078,0.6487940939652131
2024-01-15,0.1134196646318806,0.6853247245942916,0.14199744769633021
2024-01-16,0.3407228578199469,0.3655400708960029,0.48243061325533826
2024-01-17,0.1280569322748339,0.1742625525917376,0.42358147153946013
2024-01-18,0.1342069499300981,0.04791232039626,0.7369178983069665
2024-01-19,0.2430666028643531,0.1598734532950469,0.6032326623992871
2024-01-20,0.0884745085866109,0.0193002892039363,0.820920200273119
2024-01-21,0.1391584356504234,0.0403106622299198,0.7753893973613442
2024-01-22,0.0517540478740284,0.0736803088673708,0.41259866290642166
2024-01-23,0.1137123346463431,0.0069509125770503,0.9423941196926225
2024-01-24,0.0794678269410554,0.0042105734049187,0.9496814782846016
2024-01-25,0.0863439628540344,0.0,1.0
2024-01-26,0.0673524118353297,0.0,1.0
2024-01-27,0.0868699555178673,0.0,1.0
2024-01-28,0.0724550306110568,0.0493570164728488,0.5948100565221509
2024-01-29,0.0925178978044688,0.0503575423215854,0.6475423468361209
2024-01-30,0.0900941006080209,0.0437574919916393,0.6730894930588193
2024-01-31,0.0670174120587298,0.0713609397923454,0.4843056096726381
2024-02-01,0.1196206357141771,0.0040102961318625,0.967562356183996
2024-02-02,0.1136079184764094,0.0924715758746427,0.5512820129637969
2024-02-03,0.107438360844475,0.009212795679547,0.9210226803225067
2024-02-04,0.0845473855054988,0.0047900589502129,0.94638240460765
2024-02-05,0.136293194008107,0.0690891376752436,0.6636071997577563
2024-02-06,0.2244452712596363,0.1176660052974181,0.6560592609469429
2024-02-07,0.0706991317318454,0.0632167962539347,0.5279366897965461
2024-02-08,0.1296981579521642,0.0,1.0
2024-02-09,0.1520295636876063,0.0540564779800787,0.7376994698784836
2024-02-10,0.1065122123565079,0.0013565075722169,0.9874244584239692
2024-02-11,0.0944805275967274,0.0060056481120483,0.9402340862343733
2024-02-12,0.107992226979381,0.0710536173824517,0.603154054562362
2024-02-13,0.0660220713178544,0.0,1.0
2024-02-14,0.0495373507541513,0.001877891383629,0.9634759789986652
2024-02-15,0.0381435775982676,0.0074714154400377,0.8362070244368214
2024-02-16,0.322478996589222,0.0,1.0
2024-02-17,0.2055409385426046,0.0489380371879085,0.8076932011871478
2024-02-18,0.0580723758872594,0.0520371204653228,0.5274056989717357
2024-02-19,0.0376942597696371,0.003222464176056,0.9212433483107536
2024-02-20,0.077178617949887,0.0215909447199437,0.7814008269721874
2024-02-21,0.0686424707690125,0.0737646411791288,0.48201574928371
2024-02-22,0.0966099130399254,0.0609550175336172,0.6131435001955161
2024-02-23,0.1919317621145553,0.3704940787666592,0.3412570123268779
2024-02-24,0.0941131620322625,0.0029480699639703,0.9696266995242269
2024-02-25,0.0454744131964792,0.029426042980303,0.607131324930107
2024-02-26,0.0895620067971253,0.0139680931023272,0.8650818156662373
2024-02-27,0.0913135986019043,0.0364696507578851,0.7145975631344267
2024-02-28,0.137662969997383,0.1797333942378627,0.433725730693471
2024-02-29,0.0632764044488357,0.0689106349340652,0.4786884156285964
2024-03-01,0.0650368000376367,0.0,1.0
2024-03-02,0.1005984946699614,0.0189991796432347,0.8411408938147021
2024-03-03,0.1372613945667906,0.0,1.0
2024-03-04,0.0757780535142382,0.1025079987735074,0.4250363533314197
2024-03-05,0.0744718715326249,0.0198321276212416,0.7897000360622726
2024-03-06,0.1224170972108375,0.001211319183803,0.9902019356137647
2024-03-07,0.1783592823467244,0.2756950724251771,0.3928148259613651
2024-03-08,0.3226159207187856,0.3870658627047754,0.4545923655563779
2024-03-09,0.3419698531025735,0.3375845645748491,0.5032265911409364
2024-03-10,0.0810032477207129,0.1160266030185785,0.4111217027103972
2024-03-11,0.1065452300009279,0.1499246047679411,0.41542986954760835
2024-03-12,0.1683612872044703,0.241888364194479,0.41038739857635254
2024-03-13,0.1839792071607422,0.0211457803974085,0.8969127035709684
2024-03-14,0.1761870499890237,0.0638778129059546,0.733914359079282
2024-03-15,0.232100646361104,0.0,1.0
2024-03-16,0.2636169142875691,0.3307561675286114,0.44352095064947256
2024-03-17,0.1597184397513631,0.3685236744495012,0.3023583986539742
2024-03-18,0.1424732208759554,0.0358594433635415,0.7989182547321615
2024-03-19,0.1139521603255621,0.0242689685152168,0.8244192568910866
2024-03-20,0.0603904373373354,0.0542560687814969,0.5267534038476505
2024-03-21,0.2847646546387276,0.10775332629571,0.7254818084022804
2024-03-22,0.1064476477802795,0.089762619338074,0.5425182348692822
2024-03-23,0.1420009211675317,0.1426782221357211,0.4988104134354024
2024-03-24,0.1602340502586489,0.5116295526230644,0.2384919343321822
2024-03-25,0.0876847174198777,0.0932982696916891,0.4844914918208557
2024-03-26,0.1359360783312904,0.0,1.0
2024-03-27,0.0884114514724984,0.0205372287935294,0.8114963050182694
2024-03-28,0.1296678158782024,0.0491194354684123,0.7252632103326848
2024-03-29,0.1672385939319189,0.0,1.0
2024-03-30,0.0996257518345309,0.0064987118332828,0.9387633010459795
2024-03-31,0.2219313946867561,0.4314197851443519,0.33968163146827957
2024-04-01,0.510411203228631,0.442233953747791,0.5357831292069054
2024-04-02,0.3418016205977268,0.3410131976267997,0.5005773329385097
2024-04-03,0.1357695206474791,0.0446628651555298,0.7524675797154758
2024-04-04,0.0221849147222213,0.1311161461155474,0.1447146849538018
2024-04-05,0.2332669646237252,0.0987807889413013,0.7025102929300301
2024-04-06,0.1241039486430308,0.2575318579697253,0.32518947774981305
2024-04-07,0.1683183449590526,0.1419504675559614,0.542491988139825
2024-04-08,0.0734305380775744,0.0856564253649466,0.46157482982007675
2024-04-09,0.086531792134903,0.0387350304081055,0.6907798120702998
2024-04-10,0.2061545564893239,0.0654543647519177,0.7590124637556309
2024-04-11,0.1518439399333268,0.0,1.0
2024-04-12,0.1385584812029298,0.0366578888825591,0.7907850227426036
2024-04-13,0.1404289881853395,0.0711146831961207,0.6638297769358218
2024-04-14,0.09982963358814,0.0600932109468742,0.6242362301546159
2024-04-15,0.1266111611609551,0.0523744297987196,0.7073818651104742
2024-04-16,0.3178549354795139,0.582614842827804,0.35298789935738895
2024-04-17,0.330082567444126,0.1358828834461585,0.7083842092014816
2024-04-18,0.0573012673599502,0.1167318889830215,0.3292548877699206
2024-04-19,0.1441737067172379,0.0353985263283947,0.8028730515402163
2024-04-20,0.1001005820426645,0.0,1.0
2024-04-21,0.0975826785583981,0.0340844681425723,0.7411315654923272
2024-04-22,0.123006325919432,0.065753824030074,0.6516541015269198
2024-04-23,0.1181533871780959,0.1320243024496078,0.47227787319454106
2024-04-24,0.1360710092374403,0.7867659894867541,0.14744858455562146
2024-04-25,0.3356298950274168,0.1627695549896853,0.6734154602616436
2024-04-26,0.2893591544909581,0.2055463332229981,0.5846755828624008
2024-04-27,0.0826712142627518,0.197650027850473,0.29491598153435694
2024-04-28,0.2957031322555957,0.4322184169484815,0.40622939735596914
2024-04-29,0.2056021022756854,0.2259658033018335,0.47640730373717477
2024-04-30,0.1402511596153828,0.1660123547242952,0.45794276186561905
2024-05-01,0.0756702298646575,0.2026585218632599,0.27187356460618045
2024-05-02,0.1367689271789531,0.1096418016576391,0.5550445300198421
2024-05-03,0.1680552378364237,0.2127056668046787,0.44136684146926586
2024-05-04,0.495436972941324,0.5194033217466455,0.4881920589225862
2024-05-05,0.2644697400354469,0.336814278380403,0.43984162548045436
2024-05-06,0.2394459652195551,0.2274213689915115,0.5128779584122792
2024-05-07,0.3154629922592854,0.7741804672912622,0.2895102884290303
2024-05-08,0.0,1.693425278931489,0.0
2024-05-09,0.0684481807407612,0.5561423559666756,0.10958888538655986
2024-05-10,0.0,0.8997185622198192,0.0
2024-05-11,0.056991338306351,1.0910219150504137,0.049643449794424956
2024-05-12,0.1300525197503049,0.639921822619205,0.16890500448376344
2024-05-13,0.1118722674027173,0.7346013915399819,0.13216272735817092
2024-05-14,0.0292319309958357,0.503724787441028,0.0548486021183325
2024-05-15,0.0996719868524378,0.2223178514230104,0.30955010066862043
2024-05-16,0.3570616099339351,0.3612837368321729,0.4970612137203608
2024-05-17,0.4308914083478484,0.3415243856742475,0.5578490389277594
2024-05-18,0.5105987705442679,0.2446297946742604,0.6760850874284982
2024-05-19,0.4051158068493807,0.4887668143318371,0.45320917674184324
2024-05-20,0.2901082921753168,0.3460450981876243,0.45603512701520454
2024-05-21,0.1743126948174169,0.7007893790878603,0.19919127152735425
2024-05-22,0.1922502902795769,0.1985449464513776,0.4919463499293694
2024-05-23,0.1632835531965206,1.690559930814374,0.08807839205672717
2024-05-24,0.2655255150041374,0.5067697890924684,0.3438134526982997
2024-05-25,0.2223182352551054,0.1520028634177408,0.5939238692217289
2024-05-26,0.3574375847781135,0.1630380546635954,0.6867518048712538
2024-05-27,0.2918756347021658,0.7301831959395085,0.28557615858464713
2024-05-28,0.3986930658547591,0.5150495844377363,0.4363297102604707
2024-05-29,0.4260524291209312,0.6574215424683827,0.39322811649639194
2024-05-30,0.5250910775285005,0.2492302456623132,0.6781307214487026
2024-05-31,0.1906829948261767,0.0339105510832402,0.849013688501463
2024-06-01,0.4272023554506545,0.2301347097955613,0.6498984737619188
2024-06-02,0.3457102782768486,0.1735891877910449,0.6657243091246511
2024-06-03,0.0634072528249998,0.082236105084252,0.435359728965518
2024-06-04,0.235014852192894,0.0772961185090819,0.7525027112068949
2024-06-05,0.2534958262527469,0.0884021134480296,0.7414371273328009
2024-06-06,0.4755029602974549,0.2346402600291936,0.6695874109432955
2024-06-07,0.4258737972609739,0.2648637395926702,0.6165493759045696
2024-06-08,0.1791843012726601,0.0787057003455461,0.6948090276796922
2024-06-09,0.0154884485518685,0.3615153791923633,0.04108300078686794
2024-06-10,0.0454057802591697,0.332533201740986,0.12014050527116833
2024-06-11,0.2429752117407264,0.5102561547075138,0.3225771291050224
2024-06-12,0.183479002278215,0.3783016947343186,0.32660253948547735
2024-06-13,0.0304895079898002,0.4392195115426042,0.0649114807719735
2024-06-14,0.0762043336027776,0.6428879475866242,0.10597295450972327
2024-06-15,0.3394364773643501,1.3700566792949496,0.1985597169793172
2024-06-16,0.2976752863726029,1.2617283260001744,0.19089046864503686
2024-06-17,0.5979800299965287,0.5823018570941447,0.5066417069828251
2024-06-18,0.4320245837200634,0.7154486710857514,0.37650078719540553
2024-06-19,0.763316331133211,0.3762135673481603,0.6698519557498819
2024-06-20,0.4904892594771595,0.2517581694320158,0.6608163805942641
2024-06-21,0.0935032919928713,0.5768163679878631,0.13949060064202604
2024-06-22,0.024328988665826,0.5314174600131548,0.0437771374403857
2024-06-23,0.3138120596177739,0.3508864196591912,0.4721118964483374
2024-06-24,0.3207962214752421,0.3512470589987291,0.47734458597516893
2024-06-25,0.4884364673052579,0.7782527316971867,0.38560087801326176
2024-06-26,0.5386523126168867,0.8127068088395261,0.3986004194328151
2024-06-27,0.6016850160174244,0.0843790487064664,0.877009957167156
2024-06-28,0.7208851908383284,0.2989590319758237,0.7068581404021902
2024-06-29,0.342385537681389,0.3548461067393008,0.491064254500192
2024-06-30,0.8685520005458699,0.7229629979979437,0.5457391236278438
2024-07-01,1.1702325635607431,0.4910867276324487,0.7043995514674722
2024-07-02,0.9871818926477536,0.5919238019631933,0.6251525126004762
2024-07-03,0.9837932141593222,0.9697921285620902,0.5035834333138802
2024-07-04,0.6215291790517088,1.3040893211334184,0.32276859564444127
2024-07-05,0.5440972672270818,0.421544114489759,0.5634568666265277
2024-07-06,0.6971190881476499,0.1687582273658372,0.8051014568204049
2024-07-07,0.6505478634318475,0.5833606385919521,0.5272253674926861
2024-07-08,0.6697977231582566,0.4494565682379805,0.5984321242339875
2024-07-09,0.3849529160513688,0.0713786210875809,0.8435816609671519
2024-07-10,0.6366566843252698,0.0858151903716503,0.8812200261669008
2024-07-11,0.6783792516990802,0.1504508154890704,0.8184780916557689
2024-07-12,0.4221465492815925,0.2492373945378262,0.6287706954683098
2024-07-13,0.7482930134343782,0.1212130912456855,0.8605954684006664
2024-07-14,0.6849910545115533,0.1431616973583932,0.8271312906524334
2024-07-15,0.5757737007238122,0.18119093069648,0.7606348788628187
2024-07-16,0.9849601199184076,0.0754964779161003,0.9288075739542128
2024-07-17,0.7866220252588444,0.3204726260426604,0.7105282500769817
2024-07-18,0.5880004205550612,0.0795434722106107,0.8808415849914264
2024-07-19,0.166549190022811,0.1250234703350802,0.5712098995097139
2024-07-20,0.3338835101676995,0.1496304276939634,0.6905354407037304
2024-07-21,0.3961721919988114,0.7712123565548314,0.3393673425690427
2024-07-22,0.7026196861250729,0.385954537472374,0.6454494979709353
2024-07-23,0.4403203147293003,0.2111508017453171,0.6758861653177467
2024-07-24,1.0400105912065782,0.2600762366636641,0.7999547175708932
2024-07-25,1.0204994174121866,0.7085868599976465,0.5901957760840554
2024-07-26,0.7641269962805843,0.4202554808017984,0.6451691164520948
2024-07-27,1.01476017032372,0.9356458990316504,0.5202814871567277
2024-07-28,0.948511905693036,0.7551598475523776,0.5567456899406625
2024-07-29,0.8056125966605859,0.4482681808018033,0.6424953720807405
2024-07-30,0.295798919353036,0.2682072206984193,0.5244604594660082
2024-07-31,0.3133903238791096,0.3738354083759905,0.45602239434593556
2024-08-01,0.6356998077101436,0.1942363953321935,0.7659622575564582
2024-08-02,0.1039863703903884,0.9375575046070748,0.09983868455915183
2024-08-03,0.7452002913558328,1.309015459677163,0.3627663213959374
2024-08-04,0.7309487786167107,0.7401852581320026,0.49686076207722546
2024-08-05,0.8323177580164711,0.7406239931876857,0.5291472219993493
2024-08-06,1.054515025761082,0.6822879407852659,0.6071586967967915
2024-08-07,1.0773840066591849,0.2005062761694888,0.8430958597434061
2024-08-08,1.276749510193436,0.350509273158438,0.7846013942315622
2024-08-09,1.6275027824314976,0.5182368459260585,0.7584810202145822
2024-08-10,1.7208844004643842,0.8313509380775024,0.6742655641809034
2024-08-11,1.7833825449372316,0.3842120883724941,0.8227472598112885
2024-08-12,1.1710233630649265,0.4455499127550498,0.7243861942917169
2024-08-13,0.2515915471852269,0.1694765059008667,0.5975080401879487
2024-08-14,0.3256975121642249,0.1099146485714117,0.747677731526608
2024-08-15,0.3778198180406282,0.1733155782642148,0.685529945225382
2024-08-16,0.8535107122612707,0.69733951411442,0.550350187107307
2024-08-17,1.2715938689298567,0.7920996290081636,0.6161738020691515
2024-08-18,0.4531241091000326,0.1485517058229021,0.7531034119396519
2024-08-19,0.8842430699288355,0.1808781327798408,0.8301807040176693
2024-08-20,0.673514726266102,0.1584598326717188,0.8095376463506
2024-08-21,1.021966951243125,0.2687323623211145,0.7917932089240711
2024-08-22,1.0877697864751334,0.2674409423194005,0.8026573014535603
2024-08-23,1.0581076544030492,0.2404140443603251,0.8148555818595258
2024-08-24,1.2894054993611277,0.3568825320248383,0.783219870872542
2024-08-25,1.2085378367477777,0.3464654030482266,0.7771931310614644
2024-08-26,1.191784257935151,0.653065249518104,0.6460062206268327
2024-08-27,0.9529381052204562,0.340088998517676,0.7369823126410258
2024-08-28,0.3532057980060202,0.0981502235798719,0.7825436708808944
2024-08-29,0.7803614914666107,0.2226382195814455,0.7780276333790705
2024-08-30,1.2156729713375525,0.2537460564406612,0.8273153867999589
2024-08-31,1.8042879403078795,0.8891018068421177,0.6698948572953772
2024-09-01,1.3797192207041196,0.3616613874041756,0.7923134174572799
2024-09-02,0.808112586696759,0.7066909108547991,0.5334768423778702
2024-09-03,0.7526753335539755,0.224579666257639,0.7701933821766773
2024-09-04,1.345982266460937,0.7305497259681873,0.6481875893885982
2024-09-05,2.0251649583732947,1.490906983795549,0.5759736978317053
2024-09-06,1.0085393417498305,0.8951178781014877,0.5297904114421401
2024-09-07,1.415730271406217,0.700738913892581,0.6689113554026763
2024-09-08,1.24715832387514,1.5241968624350115,0.4500174968678903
2024-09-09,1.5057558851835788,0.434837850856563,0.7759253558429664
2024-09-10,1.105739580115192,0.566243118801323,0.6613343432511221
2024-09-11,0.8790134681224578,0.336897152436726,0.7229260549745089
2024-09-12,0.2103136635953054,0.2772198618557166,0.4313829769978222
2024-09-13,0.9599641609942642,0.4591414247665212,0.6764571788219871
2024-09-14,0.7962383628173151,0.6294015613211366,0.5585129522088131
2024-09-15,1.242657601871622,0.3893837778720497,0.7614130482811616
2024-09-16,0.903726695086214,0.2417195496359112,0.7889734671097113
2024-09-17,0.8194583582175835,0.1715473361335383,0.8268957109819012
2024-09-18,0.8577576504737714,0.29006668704136,0.7472900011256852
2024-09-19,0.8227389044019376,1.1750826830929444,0.41181800694905407
2024-09-20,1.1313575931460762,0.4195275691422361,0.7294915320982063
2024-09-21,1.160330090110427,0.4351775962585417,0.7272481981901873
2024-09-22,0.7592305520581091,0.1806927111571123,0.8077580178843412
2024-09-23,0.7801375004562031,0.3312479735114653,0.7019504202003798
2024-09-24,0.7287573858741256,0.1063892441258726,0.872610101862145
2024-09-25,0.6617245565196105,0.2665460360334458,0.7128573950615471
2024-09-26,1.0770816388234536,0.9296687243755704,0.5367292606871359
2024-09-27,0.8926225545941886,0.3488324175156533,0.7190132341869672
2024-09-28,0.6470997912132357,0.2263901697256476,0.7408210971511237
2024-09-29,0.3902242623872465,0.1931801213183846,0.6688744090482226
2024-09-30,0.4039882078073897,0.2074545101476626,0.6607130904404478
2024-10-01,0.8476192110515686,0.1931890097745804,0.8143855842902209
2024-10-02,1.12736899067978,1.1041060657623536,0.5052124546161222
2024-10-03,1.1581042100953114,0.6197818366989198,0.6513939474262311
2024-10-04,0.6654103986644396,0.1402717965058125,0.8258968643632851
2024-10-05,0.6216305786157575,0.1899358379539577,0.7659639013196626
2024-10-06,0.3044948710871834,0.1265191440340565,0.7064616471961638
2024-10-07,0.6395408135220348,0.2951912096637538,0.6841969651818796
2024-10-08,0.7207702533222895,0.1732791325310844,0.8061861735236373
2024-10-09,0.6533569177145171,0.2269000372996738,0.7422343146428012
2024-10-10,0.2963057881108774,0.5843918365645361,0.3364444047638742
2024-10-11,0.5646863595731814,0.0811939597308922,0.8742894661686279
2024-10-12,0.8006233022957824,0.2823660972670448,0.739271596396947
2024-10-13,0.7589681843020114,0.3116096897929507,0.7089331870823716
2024-10-14,0.8959132550774436,0.5326656460384934,0.6271359981430493
2024-10-15,0.817661167933719,0.1935699747881041,0.8085798917672844
2024-10-16,0.4885675941579049,0.1169699693984303,0.8068328433475488
2024-10-17,0.8321238425630512,0.5482107916481347,0.6028421093980458
2024-10-18,0.6440577539346726,0.1427288318992623,0.8185926978559498
2024-10-19,0.2243078965301747,0.137374617584197,0.6201789906250313
2024-10-20,0.3895448153353552,0.3726804478694838,0.511062587583993
2024-10-21,0.5547434843622744,0.1264259297679645,0.8143986985537316
2024-10-22,0.3245715849142144,0.289435392584473,0.5286122093212015
2024-10-23,0.6559803016349576,0.1567336887464029,0.8071477904879468
2024-10-24,0.8206856173880688,0.3229142562769275,0.7176335327477298
2024-10-25,0.6132903078884526,0.373463528068017,0.6215231048927058
2024-10-26,0.5901709309961596,0.1946646557224127,0.7519675980337319
2024-10-27,0.4361163342858133,0.0653474329253488,0.8696866310226725
2024-10-28,0.4841575278462687,0.0832387017096265,0.8532970482113038
2024-10-29,0.4030911017495802,0.0686806015571871,0.8544198368071095
2024-10-30,0.4345099843480456,0.0841139947717899,0.8378131398502996
2024-10-31,0.3867078243100004,0.1864881141320565,0.6746520663790291
2024-11-01,0.5087037775902159,0.4151260771481948,0.5506466098503161
2024-11-02,0.6942985616475638,0.5539174551946515,0.5562326971288406
2024-11-03,0.4941322522460554,0.3660518949561904,0.5744493825574717
2024-11-04,0.5850032987212302,0.3153824245954635,0.6497252050668804
2024-11-05,0.766575067656155,0.6476852269826231,0.5420325173252135
2024-11-06,0.8703071814528321,0.6665204528694668,0.5663011010578393
2024-11-07,0.6785546625539965,0.4982216227870124,0.5766216323414127
2024-11-08,0.6992547002545182,0.5196064509525113,0.5736951247991219
2024-11-09,0.4862032712104083,0.2127371959163346,0.6956290186045877
2024-11-10,0.496209938113617,0.172901741369118,0.7415950929106756
2024-11-11,0.529488936177217,0.3088933044153115,0.6315602961758822
2024-11-12,0.5838792841536268,0.4072248006496727,0.5891200461246278
2024-11-13,0.5076314838277295,0.2399805362601896,0.679003908695893
2024-11-14,0.4840074137557593,0.1744316978837795,0.7350830246863104
2024-11-15,0.4293488853071028,0.0672505836093727,0.8645778181033783
2024-11-16,0.4510445975025324,0.0591694482232718,0.8840301463298597
2024-11-17,0.5886614683985895,0.0887281161508996,0.8690146436043744
2024-11-18,0.6196973710756798,0.0698152089395686,0.8987470120733335
2024-11-19,0.6974810133801951,0.174561099321577,0.7998249204035003
2024-11-20,0.6423216990559462,0.4768315453132677,0.5739354304583879
2024-11-21,0.614506167442203,0.2899514699219629,0.6794195129282562
2024-11-22,0.5330544506151402,0.2849664284503838,0.651639174814317
2024-11-23,0.4098657239902383,0.4064371504030115,0.5021000621796017
2024-11-24,0.6989952604969236,0.2265577376438617,0.7552190548796643
2024-11-25,0.903034766307366,0.4716708401203524,0.6568932010497677
2024-11-26,0.79407399141122,0.3129783161052574,0.7172867858363602
2024-11-27,0.4550281989226944,0.2717566731152074,0.626083751092393
2024-11-28,0.3954891473028783,0.286788631649666,0.5796600145911927
2024-11-29,0.5818294285803162,0.4022779618956457,0.591225545312606
2024-11-30,0.5670865793630506,0.3161271508115521,0.6420717432132119
2024-12-01,0.4000094130606947,0.1252314256043778,0.7615733271566237
2024-12-02,0.3898679107731658,0.2702494925091447,0.5906038968744354
2024-12-03,0.3300749294317332,0.1029449087241931,0.7622628349717233
2024-12-04,0.2546653649701796,0.122659698466168,0.6749230031286805
2024-12-05,0.3225662695609984,0.1209114217333627,0.7273562478859686
2024-12-06,0.2990356573381562,0.204436911923479,0.593946275517463
2024-12-07,0.2712712898356559,0.1132272989160812,0.7055195981767576
2024-12-08,0.2614075330831554,0.15940970368698,0.621190175311058
2024-12-09,0.4341598631128746,0.4402475612673009,0.49651895787667766
2024-12-10,0.2774322202563088,0.0477269521473427,0.8532197268355247
2024-12-11,0.2669266832359828,0.0752143680267911,0.7801656137163606
2024-12-12,0.2695546411778453,0.0529128357041237,0.8359126439176032
2024-12-13,0.3563882027787847,0.2368243445996787,0.6007765755356027
2024-12-14,0.2243867208105929,0.0531739949074186,0.8084239162957022
2024-12-15,0.1508520734459002,0.108078418351819,0.5825967903530973
2024-12-16,0.2719399712440515,0.0696247415185782,0.7961594423632283
2024-12-17,0.1824851741018253,0.1006768143076518,0.6444550524837244
2024-12-18,0.2835686570639133,0.1652825554675979,0.6317653804800752
2024-12-19,0.1303757702562647,0.1120585999334772,0.5377775855553227
2024-12-20,0.2905378717320261,0.2053865760617713,0.5858510767608499
2024-12-21,0.3475979914493226,0.2304785817882872,0.6013009479047815
2024-12-22,0.1742567974133464,0.1531416163812367,0.5322469201780523
2024-12-23,0.1567267760897696,0.039708344048723,0.7978551695810432
2024-12-24,0.1724683858546056,0.0422472563272643,0.8032409008586354
2024-12-25,0.1745448275910344,0.0,1.0
2024-12-26,0.1518790057625679,0.0392952122236913,0.7944533910607356
2024-12-27,0.1509221434519893,0.0580562226910317,0.7221902737468094
2024-12-28,0.1682315401828321,0.1054494148311864,0.6146994779896721
2024-12-29,0.1448230508990889,0.090595030144619,0.6151738653931214
2024-12-30,0.2348093549415813,0.1237655758728613,0.6548404106451374
2024-12-31,0.1853383189394774,0.1794770067472987,0.5080332592677467
2025-01-01,0.1696292357660793,0.1334550907431751,0.5596767002760198
2025-01-02,0.0859504727983895,0.1406411595500068,0.3793188296831554
2025-01-03,0.1542602733591256,0.0276480019803792,0.8480113016915899
2025-01-04,0.197565624874863,0.0834982137216178,0.7029208234735065
2025-01-05,0.2951612438020098,0.4014529357707492,0.42370834883526975
2025-01-06,0.1363855196991695,0.0183585677749772,0.8813617497466947
2025-01-07,0.1882229934819009,0.0981767262905882,0.6572038325715609
2025-01-08,0.1651635558361371,0.0542714743895782,0.7526763419051485
2025-01-09,0.2269528096323046,0.0448254894336192,0.8350659725677871
2025-01-10,0.2209482405297514,0.0236868926113264,0.9031746082126868
2025-01-11,0.1698647420907563,0.0707786261409207,0.7058775121831768
2025-01-12,0.1852710320927511,0.0177187016858007,0.9127113408349478
2025-01-13,0.2887812349536523,0.1015940173549109,0.7397529255399412
2025-01-14,0.305928914193655,0.2182430462272502,0.5836422725626089
2025-01-15,0.2656323237412978,0.200016440399162,0.5704564130683951
2025-01-16,0.2678706360964464,0.1678396287964209,0.614790739810343
2025-01-17,0.4979069816789265,0.6543019714249554,0.432132540141819
2025-01-18,0.2986846041343942,0.1067997233668037,0.7366119572981814
2025-01-19,0.1690208590847818,0.1921681487737961,0.4679568187494821
2025-01-20,0.1614126336776855,0.1161468368155075,0.5815425191252628
2025-01-21,0.1735462079567276,0.024209698002873,0.8775778761933978
2025-01-22,0.1240178732707506,0.0315307673529406,0.7972931989214811
2025-01-23,0.2021300122740351,0.170130859047656,0.542979474464732
2025-01-24,0.258273339934328,0.2307340410039576,0.5281583673415411
2025-01-25,0.2343803449732443,0.2581939392053293,0.4758274081727622
2025-01-26,0.1022427784199909,0.0798727990686792,0.56141698491636
2025-01-27,0.2509600783061836,0.2069565828515552,0.548047493340137
2025-01-28,0.1780587668116655,0.1248776014643309,0.5877761320801251
2025-01-29,0.1223444862648488,0.0549115977339778,0.6902131848160354
2025-01-30,0.1734210714002755,0.0981887120234322,0.6384934637267499
2025-01-31,0.1967933490620616,0.6366618504961942,0.23611748917802078
2025-02-01,0.1210953906298817,0.0428502844741271,0.7386311993473298
2025-02-02,0.2516930836670522,0.5230536287750074,0.32487144459599804
2025-02-03,0.4216305764662865,0.479214905747481,0.4680387311597074
2025-02-04,0.4118215073372314,0.473780780877522,0.4650185673835647
2025-02-05,0.7675343857213854,0.4224388673977707,0.6450013760473401
2025-02-06,0.2422892251849992,0.2980594015742533,0.4483942647141194
2025-02-07,0.2161210502518147,0.0547311476790105,0.7979298373905436
2025-02-08,0.2126764472778278,0.0760555931635362,0.7365876227408795
2025-02-09,0.159600749676678,0.153005801069505,0.5105483211906965
2025-02-10,0.1665382986024898,0.0816970135277504,0.6708888319447199
2025-02-11,0.3221318053747071,0.1007091416923514,0.7618273670255972
2025-02-12,0.3621103626200969,0.6546848405607719,0.3561291019934958
2025-02-13,0.1396793606452041,0.2357616925586481,0.37204072238035935
2025-02-14,0.1785410711074613,0.215296876811017,0.45333638378701396
2025-02-15,0.1674160468201105,0.062923128260607,0.7268240270524676
2025-02-16,0.3068329884405634,0.2827432621701775,0.5204296952645492
2025-02-17,0.2260512822260563,0.1732856424098709,0.5660665675535659
2025-02-18,0.1027012730998864,0.150794472845629,0.40514002598670945
2025-02-19,0.139640776264795,0.0197244588409389,0.8762311063146718
2025-02-20,0.1604609665976018,0.0330734102825748,0.8291083433562213
2025-02-21,0.1863237079416517,0.0755963956984286,0.7113761232993782
2025-02-22,0.1653028574391576,0.2188043535835781,0.4303560378338566
2025-02-23,0.1070938645494285,0.0205040911599893,0.8393070559321201
2025-02-24,0.1453623955907317,0.0693286048413519,0.6770772659225478
2025-02-25,0.1986654326049203,0.0538930961575485,0.7866114582563357
2025-02-26,0.1091708798323421,0.0637850682133704,0.6312062757361087
2025-02-27,0.1354655383256935,0.079275984869264,0.6308306670746129
2025-02-28,0.0860185272145406,0.1874210905748594,0.3145796059471933
2025-03-01,0.1404251145340687,0.0740259283127817,0.6548119919116127
2025-03-02,0.2391687436671902,0.2867773428465127,0.45474003857039624
2025-03-03,0.3608492373464237,0.3918655052796515,0.47939706360405665
2025-03-04,0.2546668977191182,0.1519427366781999,0.626317913240272
2025-03-05,0.1121137516565659,0.0739190456550307,0.6026558395978984
2025-03-06,0.0707972506716497,0.0591747160068919,0.5447116980752614
2025-03-07,0.1198409003729263,0.2749862000133622,0.3035275447295211
2025-03-08,0.1775717173021887,0.1138058005942008,0.6094214769354003
2025-03-09,0.1444461494249765,0.0558701671240468,0.7210902831753412
2025-03-10,0.1343976617259301,0.0304319116480838,0.8153734731871756
2025-03-11,0.1438970016845492,0.0394756859137791,0.7847242878380598
2025-03-12,0.1221239223722198,0.0507834544437353,0.7062967735738084
2025-03-13,0.013410861556856,0.1396464348707806,0.0876198774567828
2025-03-14,0.060705095861718,0.0,1.0
2025-03-15,0.1155485732396949,0.0134303982539356,0.895871411452534
2025-03-16,0.1175729346375632,0.0962618266982491,0.549830784775555
2025-03-17,0.2507576470183528,0.1584742870854333,0.6127519045343066
2025-03-18,0.1111138132745816,0.0775871109051964,0.5888355542377838
2025-03-19,0.0670234571148714,0.0233903836988656,0.7412964266494053
2025-03-20,0.0577801768908032,0.1209381050872659,0.3233031128728818
2025-03-21,0.1203067771831189,0.0952744549871167,0.5580577491463524
2025-03-22,0.1419214930306205,0.1516129481176531,0.4834917922252654
2025-03-23,0.1242819574224531,0.0310824928085676,0.7999381920230196
2025-03-24,0.0940590930028117,0.015144559215854,0.8613181985385521
2025-03-25,0.1544216652106196,0.1035993587190668,0.5984848166973449
2025-03-26,0.1679070676543028,0.2080198693952234,0.44664814118436535
2025-03-27,0.1653019832114991,0.0699246342080996,0.7027350264389187
2025-03-28,0.2189926896788026,0.2589233667446382,0.4582241729178728
2025-03-29,0.1176731666269699,0.0628080949765604,0.6519965872438702
2025-03-30,0.1167708332460977,0.0448637853127743,0.722437026716318
2025-03-31,0.3932566568062652,0.4081982883854411,0.490678433223965
2025-04-01,0.232011933528096,0.3197356433652825,0.4205037652080722
2025-04-02,0.3610403382323764,0.6070863162007735,0.37292676178177325
2025-04-03,0.3562154851530978,0.2165565042139587,0.6219149884524465
2025-04-04,0.1598955039618612,0.1677061408543472,0.4880790633745628
2025-04-05,0.1221373540461932,0.0,1.0
2025-04-06,0.1757909453070653,0.0888998539120618,0.6641369697234353
2025-04-07,0.2205398611190382,0.0805601705072467,0.7324471536182525
2025-04-08,3.0093674036899346e-06,0.1493696098346627,2.0146713766992068e-05
2025-04-09,0.0672683082468268,0.0491094500101721,0.5780168758559269
2025-04-10,0.1774398641484481,0.0,1.0
2025-04-11,0.142494470758621,0.0387160832893233,0.7863475254367366
2025-04-12,0.1817217572510835,0.0985788103632318,0.6483103434208056
2025-04-13,0.1019704619620892,0.0840344093823414,0.5482139323828114
2025-04-14,0.0660880482950212,0.1879053774131765,0.260195901176383
2025-04-15,0.4293520252266575,0.1502351732875719,0.74078935202037
2025-04-16,0.3974855544242135,0.1353122655600859,0.746034498481857
2025-04-17,0.3645588886824277,0.2937516435876153,0.5537795171305013
2025-04-18,0.178715160105459,0.0606558788304522,0.7466031016112517
2025-04-19,0.1356690329282287,0.1673341994921285,0.44774780732376707
2025-04-20,0.0509662142085967,0.2008915024457781,0.20236113820779933
2025-04-21,0.1476823541955762,0.0839511335974261,0.637569099367668
2025-04-22,0.187134958563502,0.1910330817705428,0.4948460435688887
2025-04-23,0.0920568706996296,0.126183357556257,0.42181439890950323
2025-04-24,0.3069942710048061,0.3361044122620724,0.4773672828022368
2025-04-25,0.1182643196416104,0.1141222058040486,0.508912121366801
2025-04-26,0.1092157465433021,0.0078209442428623,0.9331752787068134
2025-04-27,0.175688078413395,0.2700800940616718,0.3941243212540522
2025-04-28,0.0387688479677856,0.2352482867815495,0.1414832981275076
2025-04-29,0.0679582479812421,0.0344949580053961,0.6633101163286692
2025-04-30,0.1071281276237571,0.0315260637874682,0.7726281227664649
2025-05-01,0.1731942898828892,0.0048913695900007,0.9725336132932966
2025-05-02,0.2427042748854571,0.4104078483459281,0.37161195796616925
2025-05-03,0.3028902612054467,0.4454504422673999,0.40474914674534607
2025-05-04,0.3904721360376852,0.1808238258645062,0.6834848521203724
2025-05-05,0.1396030712253446,0.1245226421576461,0.5285478245842566
2025-05-06,0.1778134839225283,0.1402236583942316,0.5590965967912921
2025-05-07,0.5672745966439401,0.2753088169532963,0.6732563061288829
2025-05-08,0.210487231510706,0.0,1.0
2025-05-09,0.3582140328725977,0.3017117332581566,0.5428095874674834
2025-05-10,0.3786235115800493,0.3367119251152844,0.5292950581746556
2025-05-11,0.1597591751504111,0.0027140877685296,0.9832951728809455
2025-05-12,0.1425490226127866,0.0360709170539274,0.7980577245674143
2025-05-13,0.1240004149652872,0.0423703104965253,0.7453259257064989
2025-05-14,0.105259212328424,0.0537607902869174,0.6619243528943896
2025-05-15,0.1226135518855238,0.0227986261510945,0.8432137771476522
2025-05-16,0.0758724763078276,0.0189185150892104,0.8004186388348972
2025-05-17,0.0768305581283743,0.0925155669271766,0.4536894960139858
2025-05-18,0.2000526342446222,0.0584187112241144,0.7739838003389803
2025-05-19,0.1269384376211955,0.056855581524209,0.6906559757027295
2025-05-20,0.1341236121826498,0.4649612450206597,0.22388082517854843
2025-05-21,0.2305377566548228,0.1918908366651092,0.5457437311309604
2025-05-22,0.1359963776022608,0.0314092358385853,0.8123764478800828
2025-05-23,0.0816473279865262,0.1741263562164034,0.319217077554185
2025-05-24,0.0887015583286253,0.466917612676171,0.1596445244468708
2025-05-25,0.1078253913792676,0.0829480724869356,0.5652012035326345
2025-05-26,0.1106256418598491,0.100445005953415,0.5241166548070696
2025-05-27,0.1265578420954685,0.1858702187133496,0.40507834593292863
2025-05-28,0.249851915528215,0.0869321603142969,0.7418756807404742
2025-05-29,0.1690718850079792,0.0159421307163147,0.9138328485336402
2025-05-30,0.266572239031792,0.0,1.0
2025-05-31,0.150661475503249,0.067428095655309,0.6908238422538479
2025-06-01,0.1865273537387978,0.1114472621952484,0.6259840394595351
2025-06-02,0.1315839724323032,0.1737304279770361,0.43097859863762306
2025-06-03,0.2106714389253722,0.0907010096799107,0.6990401408633584
2025-06-04,0.5491577248552973,0.1614729652846748,0.7727751312670303
2025-06-05,0.479581275496675,0.2257007871103357,0.67998507394892
2025-06-06,0.3675721111257177,0.465750096157699,0.4410924224904338
2025-06-07,0.623947500840873,0.2947897950656536,0.6791359223369922
2025-06-08,0.5364890111471858,0.3370103498883948,0.6141836331868054
2025-06-09,0.5809143661805891,0.2704865294996585,0.6823041520486695
2025-06-10,0.6098894384264286,0.2357062159585462,0.7212542250705133
2025-06-11,0.4088988013422889,0.4620723126048183,0.46947458393794755
2025-06-12,0.0214444004520451,0.9659181235738424,0.021718872177371455
2025-06-13,0.0,1.9299992581877417,0.0
2025-06-14,0.0116108289362888,0.8237724237502329,0.013898805008299315
2025-06-15,0.104440806495071,0.6751786580387942,0.13396382625915607
2025-06-16,0.0254876422694657,0.7356564592722307,0.033485961748689265
2025-06-17,0.0128530543071322,1.012595915350046,0.01253407501245933
2025-06-18,0.0312191163048774,0.912724335854357,0.03307307893652408
2025-06-19,0.0639024329831737,0.8039443612875203,0.0736333110925125
2025-06-20,0.0958221100560974,1.176078817793678,0.07533771535027528
2025-06-21,0.1218967153597038,1.052211934227609,0.10382064334723133
2025-06-22,0.4819447658938475,0.4625869301201641,0.5102473193093333
2025-06-23,0.7203067870170429,0.8595593234295129,0.4559290070558227
2025-06-24,0.1722133067168551,0.152432648671713,0.530464969171519
2025-06-25,0.1314841048540573,0.3218479802498232,0.2900392651976704
2025-06-26,0.1381123346207221,0.629323604052755,0.1799659458996031
2025-06-27,0.2578596652839105,0.3952055467963514,0.39484520154201613
2025-06-28,0.1731126536565314,0.1132286648142568,0.6045674951175162
