TIMESTAMP,T,E
2022-07-04,0.034829883747051996,0.8208384950743265
2022-07-05,0.10568581507753559,1.0275362035701974
2022-07-06,0.134748808441619,0.9987967929818411
2022-07-07,0.17518735085785458,0.935668552501034
2022-07-08,0.1822019483664579,0.9900150736094229
2022-07-09,0.3748634021971276,0.9523332667577193
2022-07-10,0.06915965377285835,1.481905878859623
2022-07-11,0.0,1.740436233039527
2022-07-12,0.05869555746095637,2.095917012340815
2022-07-13,0.19373968029280678,1.0923306426183497
2022-07-14,0.2168147335045055,1.2871890982918484
2022-07-15,0.04793950930217903,0.931892669235695
2022-07-16,0.06461200952743545,1.3204882666535975
2022-07-17,0.10444469085462192,1.6003965596844973
2022-07-18,0.22366781621846102,0.689692092142647
2022-07-19,0.21148373286183175,0.5509636853044484
2022-07-20,0.061116437048733166,0.4035298607662991
2022-07-21,0.1277009837979411,0.27421385854072733
2022-07-22,0.21343818354262095,0.1822224378081231
2022-07-23,0.2177413824968855,0.1068907642498295
2022-07-24,0.2885343522957868,0.16598070158765388
2022-07-25,0.26062927705459804,0.15055234812100726
2022-07-26,0.3209630591057993,0.15947954614390297
2022-07-27,0.27826936319732243,0.4521736374530192
2022-07-28,0.3187601308953582,0.24687580261599515
2022-07-29,0.20279277714609364,0.15802693835723242
2022-07-30,0.17587720445184843,0.1662268229999403
2022-07-31,0.3376920400882045,0.1545376004415342
2022-08-01,0.18736351202155754,0.1304816950194655
2022-08-02,0.21026227089981767,0.15850445613782702
2022-08-03,0.15644640486938,0.20024169868049618
2022-08-04,0.6341922291797175,0.272665012745191
2022-08-05,0.5019118638517132,0.07805064276770801
2022-08-06,0.23406479190597368,0.24963640797065179
2022-08-07,0.2940597975432133,1.7257975731993438
2022-08-08,0.5041048261227314,1.0573834576467938
2022-08-09,0.7808374530599109,0.3869632389219806
2022-08-10,0.5903750346904584,0.6569036639635812
2022-08-11,0.35341512044983314,0.3000542725304813
2022-08-12,0.5583597391322013,0.2823483865807753
2022-08-13,0.754919543594797,0.40862061400159116
2022-08-14,0.49401924458400875,0.2302682846641706
2022-08-15,0.6008220847780186,0.9222874357125712
2022-08-16,0.9825248005592137,0.2732771602083771
2022-08-17,0.5994213054196522,0.23096256967983309
2022-08-18,0.8645903317204349,0.4143088995541564
2022-08-19,0.9559910290202692,0.3353779687871235
2022-08-20,0.5933600881763096,0.1314304283435787
2022-08-21,0.2143909295503332,0.1276678717735914
2022-08-22,0.31611996737927595,0.2177212784024362
2022-08-23,0.6334291863188698,0.13106714670134653
2022-08-24,0.6035463537477975,0.27377055725784516
2022-08-25,0.7600349211062255,0.4482899316128874
2022-08-26,0.3163600732719766,0.13318412497919627
2022-08-27,0.5211004611265025,0.20105506524557068
2022-08-28,0.7085061360637667,0.20778296446264233
2022-08-29,0.3568898629305656,0.3764006806440186
2022-08-30,0.415259029874584,0.1410496609662952
2022-08-31,0.456242345199091,0.1720348068713674
2022-09-01,0.5133010898443104,0.13692264592517372
2022-09-02,0.7689392312508891,0.1998447308256459
2022-09-03,0.6576127328719298,0.21900907757670451
2022-09-04,0.5551290166744507,0.394144446950281
2022-09-05,0.5605075852848959,0.35545133356830644
2022-09-06,0.4414224571308995,0.3783160509722907
2022-09-07,0.28597200593689676,0.2673641835810978
2022-09-08,0.6071430976260319,1.042861502122484
2022-09-09,0.931490863726564,0.27807699370743005
2022-09-10,0.19587032880738509,0.13847756525130003
2022-09-11,0.5532208026185597,0.22818435877910498
2022-09-12,0.5019120495229846,0.10198669958362014
2022-09-13,0.6227797709931396,0.136029089296232
2022-09-14,0.8445518530774552,0.8014746831028242
2022-09-15,0.546582951190373,0.12955794669117512
2022-09-16,0.3161933753324235,0.12915090400443052
2022-09-17,0.5097783961367638,0.08985552786823872
2022-09-18,0.48674934453112867,0.03373878972396772
2022-09-19,0.4506221215046355,0.014267627784745763
2022-09-20,0.496233359382479,0.13140847010128687
2022-09-21,0.7259363704810236,0.2915710978002698
2022-09-22,0.9143098949290364,0.6073630436197603
2022-09-23,0.4271437693166243,0.04324533886848366
2022-09-24,0.26792314836439973,0.17146839369633707
2022-09-25,0.6774654736722994,0.18923630878474493
2022-09-26,0.5148932413747841,0.08386362386968471
2022-09-27,0.34833905709144697,0.05697302713540973
2022-09-28,0.20240012395016319,0.04564963228261174
2022-09-29,0.2558111802148606,0.10185214926792713
2022-09-30,0.3916558149590718,0.12552205428807664
2022-10-01,0.23028484082620085,0.1355228463393013
2022-10-02,0.3604906346861487,0.05839259298107009
2022-10-03,0.33477362141113637,0.3224547313091823
2022-10-04,0.4868233859609866,0.2793832912086054
2022-10-05,0.5167675838044562,0.8807109557054875
2022-10-06,0.7188296837467755,0.3739487293105996
2022-10-07,0.625368835289012,0.3135514435639566
2022-10-08,0.4062140995347685,0.1340542525808742
2022-10-09,0.677983396295486,0.22346592805741936
2022-10-10,0.24185020287810272,0.04011632436885125
2022-10-11,0.5276338191363157,0.2593364746759702
2022-10-12,0.3287424285940078,0.11617506415311829
2022-10-13,0.3864021428973167,0.11666798368982066
2022-10-14,0.8719514984412344,0.40020484828080355
2022-10-15,0.32264140031062066,0.09061223207708463
2022-10-16,0.2297488644379072,0.1573318614466728
2022-10-17,0.32038238037704136,0.02322797480243267
2022-10-18,0.452602018525253,0.1808783278432199
2022-10-19,0.27828171874121366,0.9096802996973034
2022-10-20,0.6649587232528806,0.5456586956223943
2022-10-21,0.5560125624640109,0.16707738856405802
2022-10-22,0.47297259762425287,0.21423618876345063
2022-10-23,0.3511028855181058,0.09134702661474249
2022-10-24,0.4244486722388752,0.21045021758136956
2022-10-25,0.2299485986420242,0.16817330979335768
2022-10-26,0.6026970733666848,0.23539834376073376
2022-10-27,0.4316289557218082,0.0683725146123927
2022-10-28,0.41097800146310476,0.07363253465472665
2022-10-29,0.34175923594844193,0.4166970628705895
2022-10-30,0.3211705720094856,0.06483594723095568
2022-10-31,0.6309751212660972,0.15338921181590148
2022-11-01,0.36442163098181457,0.03948560024073964
2022-11-02,0.17616029936691902,0.3045032227252279
2022-11-03,0.2041962275939722,0.015593358310907317
2022-11-04,0.13191827957379323,0.09213280692496797
2022-11-05,0.22091432306986336,0.032162277730166736
2022-11-06,0.2524222094103931,0.03891141908960541
2022-11-07,0.2157525778604091,0.06296252573660607
2022-11-08,0.09924515054083168,0.2338755149273887
2022-11-09,0.2900222779894256,0.0
2022-11-10,0.19852038795291962,0.07060643792229229
2022-11-11,0.28712576023453357,0.034715046182342765
2022-11-12,0.2495439817509479,0.1328100487045455
2022-11-13,0.45672582296972297,0.2992995238890617
2022-11-14,0.9448285901418995,0.7287036036056149
2022-11-15,0.45381746806985473,0.0520405053282678
2022-11-16,0.14556012171210952,0.060265801144878
2022-11-17,0.3040081278220355,0.0137667572057203
2022-11-18,0.31187114564335533,0.0436410185500663
2022-11-19,0.1967272458279245,0.0622465601609331
2022-11-20,0.3202333281221538,0.14774912101148407
2022-11-21,0.42255582808745523,0.34357360432610484
2022-11-22,0.1813931246249566,0.024392678526243102
2022-11-23,0.1695971957560108,0.055412146058002106
2022-11-24,0.22453107838361952,0.04673925077991633
2022-11-25,0.21017676306715444,0.22232712064406035
2022-11-26,0.1874135503916743,0.10448499376029745
2022-11-27,0.16630710559431416,0.008979918992236224
2022-11-28,0.1276886832730318,0.03944641303769855
2022-11-29,0.16786058124461803,0.10297440065521535
2022-11-30,0.23322759173618707,0.19981013062569353
2022-12-01,0.2302530090379593,0.0337289313659345
2022-12-02,0.16992485305738844,0.002572037021541558
2022-12-03,0.2987931926836315,0.24984531104464372
2022-12-04,0.2420087051108103,0.1653701424398476
2022-12-05,0.17679135527804501,0.021555360086765576
2022-12-06,0.3622636298893904,0.2415160210690323
2022-12-07,0.4264852587593827,0.2166282291746202
2022-12-08,0.24200190214181813,0.07399455433070659
2022-12-09,0.1606440698753018,1.7996483223753774
2022-12-10,0.2248882652773172,0.2564452399234376
2022-12-11,0.2815116653853307,0.07389018939557619
2022-12-12,0.3000792748276638,0.27769897494185003
2022-12-13,0.25097011083230897,0.027907463445966806
2022-12-14,0.4302702204117526,0.364841278468178
2022-12-15,0.4032665489281619,0.42889107878154614
2022-12-16,0.1524142047660175,0.07243914286361212
2022-12-17,0.1574346098528463,0.0411236112239207
2022-12-18,0.11951547400809968,0.09739970125041285
2022-12-19,0.13054600912924388,0.09887750903752494
2022-12-20,0.8207938528538984,0.40021456259398247
2022-12-21,0.8995636305123986,0.5797027121363849
2022-12-22,0.7019888831891151,0.3282452292160819
2022-12-23,0.20142862777130327,0.07348013126194873
2022-12-24,0.41824006836290445,0.11893434929694556
2022-12-25,0.1598176118300533,0.015400897741365804
2022-12-26,0.2337708607330959,0.1638939876200741
2022-12-27,0.6398177077214214,0.4249258705714
2022-12-28,0.16991415670846227,0.2982185231953644
2022-12-29,0.08643694553314969,0.2263787681587776
2022-12-30,0.22535855745980948,0.15107424695459787
2022-12-31,0.28943409371702783,0.20048611585220918
2023-01-01,1.2520503284733104,0.6725753623769632
2023-01-02,0.18330185572553664,1.5782079551317252
2023-01-03,0.5052437625789419,0.4406813462664248
2023-01-04,0.1592899938558024,0.13094370326528731
2023-01-05,0.24380363839369348,0.1363153492943027
2023-01-06,0.18630274119969456,0.09957077123551691
2023-01-07,0.38546143621867507,0.23276797370392824
2023-01-08,0.1315105544932644,0.1039793140441157
2023-01-09,0.0954406145906707,0.023942543797842497
2023-01-10,0.11694403963639731,0.1424809410736593
2023-01-11,0.14463198322271953,0.1821214395730647
2023-01-12,0.1943017243541398,0.20604904867332569
2023-01-13,0.1962953365988581,0.06121205323752441
2023-01-14,0.16973500908604944,0.0
2023-01-15,0.19667754494455938,0.07541146820556872
2023-01-16,0.0978466236592517,0.0
2023-01-17,0.039903090463824446,0.10409215225013681
2023-01-18,0.09934245101881861,0.09471041990807029
2023-01-19,0.056064198828691,0.003260468832876301
2023-01-20,0.11712522156676487,0.07344175261589427
2023-01-21,0.14958480212453756,0.06270310143563008
2023-01-22,0.08064202915105693,0.060013520666458466
2023-01-23,0.0448154850861848,0.0334371007265105
2023-01-24,0.21957063472828295,0.19451529220534883
2023-01-25,0.11690302032940533,0.09369566071962718
2023-01-26,0.170236267410699,0.06734701942205117
2023-01-27,0.5167364718846562,0.8035516010077683
2023-01-28,0.29003440242959194,0.6678492651388576
2023-01-29,0.1202219115733431,0.0839606068845892
2023-01-30,0.21919629828687753,0.02525819601554099
2023-01-31,0.1462036995557885,0.056273412911531595
2023-02-01,0.1993907753278232,0.1075659683835858
2023-02-02,0.13597823256837147,0.08463751872361344
2023-02-03,0.18960330710322026,0.0
2023-02-04,0.11180469029546816,0.003321223273128133
2023-02-05,0.10659132926349354,0.13027393797247588
2023-02-06,0.1688338383878687,0.07440131857701619
2023-02-07,0.10555402724614935,0.018414687657715163
2023-02-08,0.08777804732384371,0.07120557429108458
2023-02-09,0.10674755313595569,0.03548716239525552
2023-02-10,0.11359155485062362,0.014185947569431787
2023-02-11,0.19307876374199381,0.3696959959385765
2023-02-12,0.0725435815865894,0.1824651009207392
2023-02-13,0.2581962050491538,0.31539404421912187
2023-02-14,0.39824010725164893,0.24246048520313082
2023-02-15,0.12286176576040526,0.07331047706995814
2023-02-16,0.09606815549704309,0.01105739110802921
2023-02-17,0.06339451807922508,0.061420888198207124
2023-02-18,0.08808431472394068,0.0069803714377950615
2023-02-19,0.12723625549209527,0.163097750959107
2023-02-20,0.21545896305467754,0.7897824578887137
2023-02-21,0.046244076477795965,0.15737434879898973
2023-02-22,0.13026351909987618,0.0
2023-02-23,0.2145206421805445,0.0
2023-02-24,0.1165748363852117,0.002638488889838402
2023-02-25,0.2128129174893732,0.1218112475526369
2023-02-26,0.3500335286798359,0.5303547815762069
2023-02-27,0.0905581679383038,0.014598068066256221
2023-02-28,0.419962518988678,0.8431795613156394
2023-03-01,0.10607988361973963,0.06363654156893857
2023-03-02,0.1268574523984501,0.05221252835455062
2023-03-03,0.09489082114827099,0.1189263344411012
2023-03-04,0.1151271607713858,0.1620119427413038
2023-03-05,0.14590919849137995,0.0
2023-03-06,0.1503791682402692,0.027336067102777403
2023-03-07,0.0836296356509456,0.07788190126553661
2023-03-08,0.09097500002385803,0.0291829213073367
2023-03-09,0.07738603276626313,0.07531446811131556
2023-03-10,0.13690782918198188,0.3177955040149911
2023-03-11,0.07631107319158759,0.03689298209297402
2023-03-12,0.064935181510151,0.0438565228488527
2023-03-13,0.09181382980536988,0.0891531129918671
2023-03-14,0.1052415260171902,0.1312359951091206
2023-03-15,0.518680274905192,0.3572917222662835
2023-03-16,0.12317534372752632,0.0732594694661534
2023-03-17,0.1910476907639783,0.1898728158238401
2023-03-18,0.139851254195687,0.11953953773979835
2023-03-19,0.13235771410501831,0.1372826847988653
2023-03-20,0.0713296126709689,0.012734568184040715
2023-03-21,0.16136150131072388,0.08779224025448612
2023-03-22,0.11494569918258973,0.0830020500546219
2023-03-23,0.1582370156428316,0.065228425479174
2023-03-24,0.078823514417472,0.021362927865395898
2023-03-25,0.0825378035215473,0.009011914814616303
2023-03-26,0.07856044076658932,0.06401107508005269
2023-03-27,0.0908239345235344,0.050382631957694504
2023-03-28,0.16493666437248758,0.08722243508478326
2023-03-29,0.2052328941374315,0.049960823179394105
2023-03-30,0.17600850263633955,0.0
2023-03-31,0.07008164458014013,0.04136639551698117
2023-04-01,0.09244144565017637,0.08944425864614335
2023-04-02,0.1985135159993462,0.11931318818042122
2023-04-03,0.365470932191225,0.20069899402610972
2023-04-04,0.1244338938131202,0.0126199902172803
2023-04-05,0.14656614860086403,0.2974420831974049
2023-04-06,0.2927194455841486,0.2870599014082893
2023-04-07,0.1938383966061284,0.15179623047256238
2023-04-08,0.1422885638585629,0.004450956381035902
2023-04-09,0.14060325363114068,0.08049612674763312
2023-04-10,0.1323066761612722,0.21458833844863626
2023-04-11,0.10042157436437568,0.07122377934810352
2023-04-12,0.08886156222974713,0.09611173511558738
2023-04-13,0.09690324954595242,0.30167397664122675
2023-04-14,0.12342539997644555,0.07354390334235178
2023-04-15,0.16385405854659837,0.12385608076221022
2023-04-16,0.07136166450146988,0.07114628456018819
2023-04-17,0.10427451424974914,0.0766064931850665
2023-04-18,0.1935631589735993,0.23241042678267632
2023-04-19,0.20342842285822987,0.2652112022050875
2023-04-20,0.1027060393527015,0.01721361838778034
2023-04-21,0.13243984982673504,0.0
2023-04-22,0.11159212793095342,0.04972817405863248
2023-04-23,0.07252290210585886,0.04267518101103801
2023-04-24,0.10518323212397307,0.06291152379936063
2023-04-25,0.0668653491438299,0.12479939867684721
2023-04-26,0.006067078334403132,0.21805663474583237
2023-04-27,0.0732764670898226,0.1361295979694403
2023-04-28,0.11918988128583012,0.023482841381114603
2023-04-29,0.10326240438062824,0.0
2023-04-30,0.21921475490529121,0.057505250078915375
2023-05-01,0.1387251252385387,0.015022290289116495
2023-05-02,0.27659088963001455,0.22837088629951713
2023-05-03,0.14872626694370292,0.04874634730751643
2023-05-04,0.0201115554546673,0.0561153367396411
2023-05-05,0.1265337297729373,0.0
2023-05-06,0.08038774941942464,0.09783020075306287
2023-05-07,0.1342676158688154,0.0944834049393079
2023-05-08,0.1694297871944298,0.1522935008556092
2023-05-09,0.15941753317176155,0.11587653724817244
2023-05-10,0.2077874583146364,0.17850812163736607
2023-05-11,0.27091726340206373,0.14330389512015335
2023-05-12,0.19964533858428005,0.01326606700337577
2023-05-13,0.14044344965797956,0.05049185242386504
2023-05-14,0.1364851093366852,0.08050326045860598
2023-05-15,0.1015376701440834,0.055329312497497306
2023-05-16,0.15385605754853063,0.041190682085894
2023-05-17,0.1759768771281386,0.06684874007109054
2023-05-18,0.17972751877364004,0.12388450837578856
2023-05-19,0.1780203422642281,0.14676932129058978
2023-05-20,0.08408776493781256,0.03206042615955855
2023-05-21,0.11917533443217918,0.002093948371440228
2023-05-22,0.19868885351684246,0.16644688721623258
2023-05-23,0.3003103930386732,0.1377013503520721
2023-05-24,0.06696184624109924,0.08976199435471235
2023-05-25,0.0817114087366888,0.2246914009555606
2023-05-26,0.12462160912298197,0.18680269237636876
2023-05-27,0.2479708896991843,0.07579539042404021
2023-05-28,0.1599817518852645,0.3615242429221887
2023-05-29,0.32142022806435705,0.1601685041736908
2023-05-30,0.5035394132019897,0.3834040174981187
2023-05-31,0.3087767630033032,0.4809315510522697
2023-06-01,0.1152120563146135,0.0904519417092971
2023-06-02,0.1858190372976934,0.1007442000136351
2023-06-03,0.30636283063333525,0.04169696731441705
2023-06-04,0.2484582464453129,0.705261775810612
2023-06-05,0.40104578150365977,0.6455233781654874
2023-06-06,0.251065494992279,0.2503779244372053
2023-06-07,0.09436996722636999,0.08498471493697432
2023-06-08,0.1425016211982714,0.2000533673577915
2023-06-09,0.1809781635640922,0.12492335767222693
2023-06-10,0.23595327319748666,0.20733929454811495
2023-06-11,0.3371027226671909,0.23059821977179926
2023-06-12,0.2344872441441254,0.16268186302942922
2023-06-13,0.06842325230361812,0.07865449429845878
2023-06-14,0.1661919709468163,0.0653118336099928
2023-06-15,0.38777735281577813,0.28122004096819997
2023-06-16,0.5611777549971302,0.41974273044200183
2023-06-17,0.5154528596445166,0.3679682458562244
2023-06-18,0.15620604773810198,0.09470618280238911
2023-06-19,0.21542160763418639,0.06718840223720922
2023-06-20,0.08481100914170733,0.1603742778049316
2023-06-21,0.3538817231225057,0.24049492160671
2023-06-22,0.3627572650219667,0.1780507662654572
2023-06-23,0.21835434337394793,0.18624671633539042
2023-06-24,0.3590876143078307,0.2561962615244072
2023-06-25,0.4291227155290569,0.15956900820102718
2023-06-26,0.4073922013741747,0.47398556845873707
2023-06-27,0.43360942754248405,0.5022975232272756
2023-06-28,0.3272320593215674,0.03698020133237344
2023-06-29,0.42761435274614495,0.21587769287897327
2023-06-30,0.2419678354454578,0.1313987898878981
2023-07-01,0.07371980474434857,0.212650504226159
2023-07-02,0.0809036091888466,0.0994174643635116
2023-07-03,0.392526376695812,0.3552815868948764
2023-07-04,0.17171259521229437,0.2832153692131094
2023-07-05,0.30199852396309546,0.15269884216689744
2023-07-06,0.27813907148452366,0.2633935707069876
2023-07-07,0.15545770606978906,0.17180918263360775
2023-07-08,0.2720183176380833,0.11425223157707755
2023-07-09,0.1982040232641022,0.0428281082162889
2023-07-10,0.2430732415081819,0.1014625834393998
2023-07-11,0.29003177641513,0.4769864661865104
2023-07-12,0.2119809834706547,1.0348695071742697
2023-07-13,0.48239007272520673,0.5022846394619811
2023-07-14,0.08329200773053962,1.9490647684754843
2023-07-15,0.3151318158800321,0.48020722894078743
2023-07-16,0.488021476769476,0.7203945370082561
2023-07-17,0.5021856754396308,0.292812944224369
2023-07-18,0.414499260958686,1.0070912810647585
2023-07-19,0.491882920436978,0.3119865089173333
2023-07-20,0.41308764784473,0.1766611313439964
2023-07-21,0.3155121624680717,0.1233978184990936
2023-07-22,0.24291708854917923,1.2156050127387585
2023-07-23,0.3083753602539215,0.3539861600334575
2023-07-24,0.7215116930476799,1.1393116009144357
2023-07-25,0.6351348849897431,0.8103172119702283
2023-07-26,0.36359215436618025,0.25582045980210427
2023-07-27,0.4633657238449787,0.2560080514883954
2023-07-28,0.5614411855913309,0.7326811865421476
2023-07-29,0.592085478382434,0.20209411786035136
2023-07-30,0.4273320118844758,0.13932660234244892
2023-07-31,0.4224852695609807,0.3949043748069394
2023-08-01,0.7068963959275998,0.43987028712653625
2023-08-02,0.48287067282044993,0.12032418422711312
2023-08-03,0.4597104796217294,0.08678551552732106
2023-08-04,0.2290263841156405,0.10779095655005097
2023-08-05,0.12493792249478525,0.1849211850584533
2023-08-06,0.4342859733279908,0.1685747972073172
2023-08-07,0.4199516338682236,0.13889057892532872
2023-08-08,0.5234989175005266,0.2643816433874838
2023-08-09,0.35336812929543965,0.17456492853210215
2023-08-10,0.14474971684643506,0.9660240879504944
2023-08-11,0.6341370049503543,1.0340529481180276
2023-08-12,0.782815832064442,0.3161700561024569
2023-08-13,0.7903929895976993,0.2915530278763547
2023-08-14,0.4381595863881653,0.1575573965837491
2023-08-15,0.3215850014724446,0.2266191639327682
2023-08-16,0.7772410230584624,0.3218175500129398
2023-08-17,0.5473713147134973,0.23021199627887332
2023-08-18,0.8761472633046454,1.0049157459572227
2023-08-19,0.8742833413388722,0.3453499416666232
2023-08-20,0.988566719604291,0.28930863701640536
2023-08-21,0.7331601998265935,0.22841007530091711
2023-08-22,0.675570790745544,0.33557749944923515
2023-08-23,0.6501960088580601,0.207986936301461
2023-08-24,0.5669544746011637,0.10622675498936882
2023-08-25,0.6689741679676019,0.3416622882796022
2023-08-26,0.9148832469176847,0.747482440640121
2023-08-27,0.7846706215122478,0.5446529251426273
2023-08-28,0.8964334261376445,0.46734773406271257
2023-08-29,0.7124749625390144,0.6871179190578094
2023-08-30,0.6758204819776857,0.2755552294820386
2023-08-31,0.6002513282370339,0.43139295537722333
2023-09-01,0.4939742508131161,0.3250229722626487
2023-09-02,0.3097839151764529,0.14387629554172082
2023-09-03,0.8938538399649628,0.1736029565442839
2023-09-04,0.546721972905084,0.21583352717142598
2023-09-05,0.7210513304633962,1.1017468489976634
2023-09-06,0.480119047003223,0.2232309243834112
2023-09-07,0.6289489727609607,0.4786596614133839
2023-09-08,0.9305910330764928,0.6647041258459396
2023-09-09,0.5585085194019764,0.30302344780995544
2023-09-10,0.5110131040622925,0.3986787116532197
2023-09-11,0.46934810500189506,0.7566162494914064
2023-09-12,0.5215961597159293,0.07510169465886324
2023-09-13,0.5155550383753534,0.24076509912204153
2023-09-14,0.788095380022097,0.26221564294009203
2023-09-15,0.7443129577153267,0.2474794379634444
2023-09-16,0.4815746852729112,0.28446708394053327
2023-09-17,0.5064537602785734,0.15902217749947659
2023-09-18,0.4944303966898683,0.17715979417805497
2023-09-19,0.5939907817344591,0.2456887444931967
2023-09-20,0.4020955540283554,0.2099211110402658
2023-09-21,0.5188937164632408,0.25822631846446387
2023-09-22,0.7173320200872727,0.39145811522632207
2023-09-23,1.0618548709759164,0.8395065728447965
2023-09-24,1.4704646069420106,1.6685707305111275
2023-09-25,0.8258860293700032,0.4498266285750087
2023-09-26,0.3862693341890158,0.06529039888213349
2023-09-27,0.26397981023019035,0.08707049526130664
2023-09-28,0.25448736267107913,0.03894596015112903
2023-09-29,0.3993173007676518,0.1949030555575016
2023-09-30,0.1753111678129836,0.10569998306784348
2023-10-01,0.1423354425692168,0.09049150051267735
2023-10-02,0.30655008135968637,0.07431542134018333
2023-10-03,0.32976764778753415,0.07107109073929013
2023-10-04,0.21590573219114603,0.12042698564252677
2023-10-05,0.3569952457358777,0.08662430462743058
2023-10-06,0.23746778602435323,0.09083491627224677
2023-10-07,0.24149528134879814,0.12283517249149407
2023-10-08,0.5503776066701636,0.31019582445950283
2023-10-09,0.2706785008593244,0.1817751908314755
2023-10-10,0.2534271440586648,0.0515511686941229
2023-10-11,0.3088704629461112,0.10291390653058051
2023-10-12,0.6489093475694856,0.40769448562808003
2023-10-13,0.5737536356037419,0.408170465164035
2023-10-14,0.4498746749411374,0.2300716914815551
2023-10-15,0.3719126208589247,0.28101346958784373
2023-10-16,0.5121473490461259,0.4168746638516875
2023-10-17,0.20389660083749234,0.14004255525341536
2023-10-18,0.45529087140749663,0.1292458011424659
2023-10-19,0.38117407533591185,0.14640266447935785
2023-10-20,0.22998971627959722,0.1284071896508806
2023-10-21,0.19231607633527176,0.021884102548501747
2023-10-22,0.18804833603740728,0.026700799657362714
2023-10-23,0.14849274990193104,0.5338314696648212
2023-10-24,0.15198243967104644,0.19409574761604032
2023-10-25,0.2190981221386706,0.075585997068952
2023-10-26,0.1865766531855021,0.0655114829403627
2023-10-27,0.11966961869835514,0.11427385072661703
2023-10-28,0.2514403002930223,0.19018565056274994
2023-10-29,0.3339815353381612,0.08431540340661148
2023-10-30,0.290572426768605,0.07363158816177201
2023-10-31,0.6303472201149295,0.8115701933399555
2023-11-01,0.3526298508161487,0.267673584002126
2023-11-02,0.32068567144360793,0.1545564852029062
2023-11-03,0.6006609175739461,0.3867553872833854
2023-11-04,0.1941381902598262,0.1177120989294845
2023-11-05,0.1483249868911837,0.1274656419784321
2023-11-06,0.07777200080706914,0.040111769444823364
2023-11-07,0.19170824139401,0.07149260602455927
2023-11-08,0.31491409046319174,0.3202067280154516
2023-11-09,0.10013306580691472,0.1298306385280826
2023-11-10,0.09132683328951759,0.2150849797868073
2023-11-11,0.1070732982986107,0.21762787588199412
2023-11-12,0.08668446021738573,0.17699423921959706
2023-11-13,0.10767285949650197,0.23241751364343755
2023-11-14,0.15705422639774635,0.12240047783720913
2023-11-15,0.2084250684982354,0.11575860173795821
2023-11-16,0.256558539521171,0.2161113847258755
2023-11-17,0.22394555495897392,0.09111880407849701
2023-11-18,0.30177540266514247,0.2462143659018691
2023-11-19,0.2750109296854121,0.025544216872573317
2023-11-20,0.2508772510067324,0.0723166101702223
2023-11-21,0.18034554955789997,0.14993226665416978
2023-11-22,0.3270922146116787,0.1572441888492428
2023-11-23,0.2291672294895203,0.05972578238601653
2023-11-24,0.09564465477196785,0.13513070114786355
2023-11-25,0.16314142098406292,0.0504636939452203
2023-11-26,0.13663330925927605,0.10879821431103164
2023-11-27,0.1370883340860144,0.11977777154785281
2023-11-28,0.30182615278637176,0.12773345598149755
2023-11-29,0.18328029983957675,0.07708030364657
2023-11-30,0.1351229358826689,0.025500240462079833
2023-12-01,0.3298053933919598,0.18397189734237684
2023-12-02,0.16516166807221944,0.10173171394437827
2023-12-03,0.19576470491263856,0.16392016816818816
2023-12-04,0.2382925610104463,0.060952944086788106
2023-12-05,0.280697708073169,0.07905673619437892
2023-12-06,0.3582703061879825,0.4166581004590359
2023-12-07,0.2477443037384684,0.110118201213035
2023-12-08,0.1475663277690002,0.1249394855645507
2023-12-09,0.36166839427514635,0.21172343236984403
2023-12-10,0.21797370372568056,0.12572450607653157
2023-12-11,0.159759876249443,0.0797081400105879
2023-12-12,0.20426238681099054,0.48775956455857195
2023-12-13,0.2643516995505763,0.5663721104714863
2023-12-14,0.07367619469890338,0.0922126782226015
2023-12-15,0.0734889710400171,0.11827969154681421
2023-12-16,0.1285074427600717,0.1040607749742458
2023-12-17,0.17607538671916612,0.0625076364554546
2023-12-18,0.21917635991992315,0.2553393042533486
2023-12-19,0.06410435464587162,0.03125949961745176
2023-12-20,0.19445386238313886,0.07614526342178844
2023-12-21,0.0860400107130336,0.06583851178581189
2023-12-22,0.10862014506849194,0.029328710914629266
2023-12-23,0.0401999456150359,0.0138952741743786
2023-12-24,0.1324969782251591,0.0801768705500762
2023-12-25,0.07233881789529548,0.12347707545644314
2023-12-26,0.07182143346709513,0.0
2023-12-27,0.15339524324239423,0.0
2023-12-28,0.12194843139238448,0.0
2023-12-29,0.1062779540198799,0.08236656728884983
2023-12-30,0.09060564636657611,0.09761479701977391
2023-12-31,0.2397987913013823,0.1726356682424647
2024-01-01,0.14569428202888984,0.06492229492162986
2024-01-02,0.10689614821543782,0.00323011389265331
2024-01-03,0.11642040558742238,0.035879049495693226
2024-01-04,0.1416833410499647,0.021821287678624415
2024-01-05,0.09612659854155381,0.04857034178829617
2024-01-06,0.11848827598401726,0.0737763152025697
2024-01-07,0.29300938445510744,0.1098320271157163
2024-01-08,0.36903765444564657,0.395491066529388
2024-01-09,0.1819752766032272,0.1668730176355074
2024-01-10,0.22335372809809304,0.0898574070799321
2024-01-11,0.1479542842397744,0.204049999925032
2024-01-12,0.13536778871900484,0.030716677175801524
2024-01-13,0.207850994389795,0.08558347045723261
2024-01-14,0.868166728629535,0.46995693295250784
2024-01-15,0.11341966463188065,0.6853247245942916
2024-01-16,0.3407228578199469,0.3655400708960029
2024-01-17,0.12805693227483397,0.1742625525917376
2024-01-18,0.13420694993009818,0.04791232039626008
2024-01-19,0.2430666028643531,0.1598734532950469
2024-01-20,0.0884745085866109,0.0193002892039363
2024-01-21,0.13915843565042343,0.04031066222991988
2024-01-22,0.051754047874028423,0.07368030886737087
2024-01-23,0.11371233464634314,0.0069509125770503555
2024-01-24,0.07946782694105542,0.004210573404918778
2024-01-25,0.0863439628540344,0.0
2024-01-26,0.06735241183532975,0.0
2024-01-27,0.08686995551786736,0.0
2024-01-28,0.0724550306110568,0.04935701647284883
2024-01-29,0.09251789780446887,0.05035754232158544
2024-01-30,0.09009410060802091,0.04375749199163939
2024-01-31,0.06701741205872982,0.07136093979234548
2024-02-01,0.11962063571417715,0.004010296131862581
2024-02-02,0.11360791847640943,0.09247157587464278
2024-02-03,0.10743836084447508,0.009212795679547015
2024-02-04,0.0845473855054988,0.004790058950212975
2024-02-05,0.136293194008107,0.0690891376752436
2024-02-06,0.22444527125963634,0.11766600529741815
2024-02-07,0.07069913173184542,0.06321679625393478
2024-02-08,0.12969815795216424,0.0
2024-02-09,0.1520295636876063,0.0540564779800787
2024-02-10,0.10651221235650793,0.0013565075722169746
2024-02-11,0.09448052759672743,0.006005648112048399
2024-02-12,0.107992226979381,0.0710536173824517
2024-02-13,0.06602207131785445,0.0
2024-02-14,0.04953735075415136,0.0018778913836290422
2024-02-15,0.03814357759826761,0.00747141544003779
2024-02-16,0.322478996589222,0.0
2024-02-17,0.20554093854260463,0.0489380371879085
2024-02-18,0.05807237588725941,0.052037120465322856
2024-02-19,0.037694259769637126,0.003222464176056097
2024-02-20,0.07717861794988701,0.0215909447199437
2024-02-21,0.06864247076901259,0.0737646411791288
2024-02-22,0.09660991303992549,0.06095501753361725
2024-02-23,0.19193176211455532,0.3704940787666592
2024-02-24,0.09411316203226254,0.0029480699639703586
2024-02-25,0.04547441319647929,0.029426042980303012
2024-02-26,0.08956200679712535,0.013968093102327247
2024-02-27,0.09131359860190437,0.03646965075788519
2024-02-28,0.137662969997383,0.1797333942378627
2024-02-29,0.06327640444883577,0.06891063493406524
2024-03-01,0.06503680003763676,0.0
2024-03-02,0.1005984946699614,0.01899917964323476
2024-03-03,0.13726139456679065,0.0
2024-03-04,0.07577805351423823,0.10250799877350747
2024-03-05,0.0744718715326249,0.019832127621241605
2024-03-06,0.12241709721083754,0.0012113191838030654
2024-03-07,0.17835928234672446,0.2756950724251771
2024-03-08,0.3226159207187856,0.3870658627047754
2024-03-09,0.34196985310257355,0.3375845645748491
2024-03-10,0.0810032477207129,0.1160266030185785
2024-03-11,0.10654523000092794,0.14992460476794112
2024-03-12,0.16836128720447038,0.24188836419447904
2024-03-13,0.1839792071607422,0.02114578039740851
2024-03-14,0.1761870499890237,0.0638778129059546
2024-03-15,0.23210064636110408,0.0
2024-03-16,0.2636169142875691,0.3307561675286114
2024-03-17,0.15971843975136318,0.36852367444950124
2024-03-18,0.1424732208759554,0.035859443363541514
2024-03-19,0.11395216032556213,0.02426896851521687
2024-03-20,0.06039043733733542,0.05425606878149694
2024-03-21,0.28476465463872763,0.10775332629571008
2024-03-22,0.10644764778027956,0.08976261933807404
2024-03-23,0.14200092116753177,0.14267822213572115
2024-03-24,0.1602340502586489,0.5116295526230644
2024-03-25,0.08768471741987774,0.09329826969168917
2024-03-26,0.13593607833129048,0.0
2024-03-27,0.08841145147249842,0.020537228793529483
2024-03-28,0.1296678158782024,0.04911943546841234
2024-03-29,0.16723859393191892,0.0
2024-03-30,0.09962575183453093,0.0064987118332828185
2024-03-31,0.22193139468675618,0.4314197851443519
2024-04-01,0.510411203228631,0.442233953747791
2024-04-02,0.3418016205977268,0.34101319762679977
2024-04-03,0.13576952064747913,0.04466286515552987
2024-04-04,0.02218491472222135,0.13111614611554745
2024-04-05,0.2332669646237252,0.09878078894130138
2024-04-06,0.1241039486430308,0.25753185796972533
2024-04-07,0.1683183449590526,0.1419504675559614
2024-04-08,0.07343053807757442,0.0856564253649466
2024-04-09,0.08653179213490308,0.03873503040810551
2024-04-10,0.20615455648932393,0.06545436475191777
2024-04-11,0.1518439399333268,0.0
2024-04-12,0.13855848120292985,0.03665788888255916
2024-04-13,0.14042898818533953,0.07111468319612073
2024-04-14,0.09982963358814001,0.06009321094687424
2024-04-15,0.1266111611609551,0.052374429798719695
2024-04-16,0.3178549354795139,0.582614842827804
2024-04-17,0.33008256744412606,0.13588288344615854
2024-04-18,0.0573012673599502,0.1167318889830215
2024-04-19,0.14417370671723795,0.03539852632839474
2024-04-20,0.10010058204266456,0.0
2024-04-21,0.09758267855839818,0.034084468142572336
2024-04-22,0.12300632591943202,0.06575382403007408
2024-04-23,0.11815338717809595,0.13202430244960786
2024-04-24,0.13607100923744034,0.7867659894867541
2024-04-25,0.3356298950274168,0.16276955498968532
2024-04-26,0.2893591544909581,0.20554633322299817
2024-04-27,0.08267121426275184,0.197650027850473
2024-04-28,0.2957031322555957,0.4322184169484815
2024-04-29,0.2056021022756854,0.2259658033018335
2024-04-30,0.14025115961538284,0.1660123547242952
2024-05-01,0.07567022986465755,0.2026585218632599
2024-05-02,0.1367689271789531,0.10964180165763915
2024-05-03,0.1680552378364237,0.21270566680467873
2024-05-04,0.495436972941324,0.5194033217466455
2024-05-05,0.26446974003544693,0.33681427838040306
2024-05-06,0.2394459652195551,0.2274213689915115
2024-05-07,0.3154629922592854,0.7741804672912622
2024-05-08,0.0,1.693425278931489
2024-05-09,0.06844818074076124,0.5561423559666756
2024-05-10,0.0,0.8997185622198192
2024-05-11,0.05699133830635108,1.0910219150504137
2024-05-12,0.13005251975030493,0.639921822619205
2024-05-13,0.11187226740271738,0.7346013915399819
2024-05-14,0.029231930995835785,0.503724787441028
2024-05-15,0.09967198685243785,0.22231785142301042
2024-05-16,0.3570616099339351,0.3612837368321729
2024-05-17,0.4308914083478484,0.3415243856742475
2024-05-18,0.5105987705442679,0.24462979467426046
2024-05-19,0.4051158068493807,0.48876681433183716
2024-05-20,0.29010829217531686,0.34604509818762436
2024-05-21,0.1743126948174169,0.7007893790878603
2024-05-22,0.19225029027957696,0.19854494645137763
2024-05-23,0.16328355319652066,1.690559930814374
2024-05-24,0.26552551500413746,0.5067697890924684
2024-05-25,0.22231823525510547,0.15200286341774083
2024-05-26,0.35743758477811355,0.16303805466359547
2024-05-27,0.2918756347021658,0.7301831959395085
2024-05-28,0.39869306585475917,0.5150495844377363
2024-05-29,0.4260524291209312,0.6574215424683827
2024-05-30,0.5250910775285005,0.24923024566231325
2024-05-31,0.19068299482617673,0.03391055108324026
2024-06-01,0.42720235545065455,0.23013470979556136
2024-06-02,0.3457102782768486,0.17358918779104493
2024-06-03,0.0634072528249998,0.082236105084252
2024-06-04,0.235014852192894,0.0772961185090819
2024-06-05,0.2534958262527469,0.0884021134480296
2024-06-06,0.4755029602974549,0.2346402600291936
2024-06-07,0.42587379726097396,0.2648637395926702
2024-06-08,0.17918430127266016,0.07870570034554614
2024-06-09,0.015488448551868518,0.3615153791923633
2024-06-10,0.04540578025916977,0.332533201740986
2024-06-11,0.24297521174072642,0.5102561547075138
2024-06-12,0.183479002278215,0.3783016947343186
2024-06-13,0.0304895079898002,0.4392195115426042
2024-06-14,0.07620433360277762,0.6428879475866242
2024-06-15,0.3394364773643501,1.3700566792949496
2024-06-16,0.29767528637260293,1.2617283260001744
2024-06-17,0.5979800299965287,0.5823018570941447
2024-06-18,0.43202458372006347,0.7154486710857514
2024-06-19,0.763316331133211,0.3762135673481603
2024-06-20,0.4904892594771595,0.25175816943201584
2024-06-21,0.09350329199287132,0.5768163679878631
2024-06-22,0.024328988665826095,0.5314174600131548
2024-06-23,0.3138120596177739,0.3508864196591912
2024-06-24,0.3207962214752421,0.3512470589987291
2024-06-25,0.48843646730525797,0.7782527316971867
2024-06-26,0.5386523126168867,0.8127068088395261
2024-06-27,0.6016850160174244,0.08437904870646641
2024-06-28,0.7208851908383284,0.29895903197582374
2024-06-29,0.342385537681389,0.3548461067393008
2024-06-30,0.8685520005458699,0.7229629979979437
2024-07-01,1.1702325635607433,0.4910867276324487
2024-07-02,0.9871818926477535,0.5919238019631933
2024-07-03,0.9837932141593222,0.9697921285620902
2024-07-04,0.6215291790517088,1.3040893211334184
2024-07-05,0.5440972672270818,0.42154411448975904
2024-07-06,0.6971190881476499,0.16875822736583726
2024-07-07,0.6505478634318475,0.5833606385919521
2024-07-08,0.6697977231582566,0.4494565682379805
2024-07-09,0.3849529160513688,0.07137862108758097
2024-07-10,0.6366566843252698,0.08581519037165036
2024-07-11,0.6783792516990802,0.15045081548907047
2024-07-12,0.4221465492815925,0.24923739453782628
2024-07-13,0.7482930134343782,0.12121309124568555
2024-07-14,0.6849910545115533,0.14316169735839326
2024-07-15,0.5757737007238122,0.18119093069648004
2024-07-16,0.9849601199184077,0.07549647791610035
2024-07-17,0.7866220252588444,0.32047262604266047
2024-07-18,0.5880004205550612,0.07954347221061071
2024-07-19,0.166549190022811,0.12502347033508024
2024-07-20,0.3338835101676995,0.1496304276939634
2024-07-21,0.3961721919988114,0.7712123565548314
2024-07-22,0.7026196861250729,0.385954537472374
2024-07-23,0.4403203147293003,0.2111508017453171
2024-07-24,1.0400105912065782,0.2600762366636641
2024-07-25,1.0204994174121866,0.7085868599976465
2024-07-26,0.7641269962805843,0.4202554808017984
2024-07-27,1.0147601703237201,0.9356458990316505
2024-07-28,0.948511905693036,0.7551598475523776
2024-07-29,0.8056125966605859,0.4482681808018033
2024-07-30,0.295798919353036,0.2682072206984193
2024-07-31,0.3133903238791096,0.3738354083759905
2024-08-01,0.6356998077101436,0.1942363953321935
2024-08-02,0.1039863703903884,0.9375575046070748
2024-08-03,0.7452002913558328,1.309015459677163
2024-08-04,0.7309487786167107,0.7401852581320026
2024-08-05,0.8323177580164711,0.7406239931876857
2024-08-06,1.054515025761082,0.6822879407852659
2024-08-07,1.0773840066591847,0.20050627616948885
2024-08-08,1.2767495101934359,0.35050927315843805
2024-08-09,1.6275027824314976,0.5182368459260585
2024-08-10,1.7208844004643842,0.8313509380775024
2024-08-11,1.7833825449372316,0.38421208837249415
2024-08-12,1.1710233630649265,0.4455499127550498
2024-08-13,0.2515915471852269,0.1694765059008667
2024-08-14,0.32569751216422493,0.1099146485714117
2024-08-15,0.3778198180406282,0.1733155782642148
2024-08-16,0.8535107122612707,0.69733951411442
2024-08-17,1.2715938689298567,0.7920996290081636
2024-08-18,0.4531241091000326,0.1485517058229021
2024-08-19,0.8842430699288355,0.1808781327798408
2024-08-20,0.673514726266102,0.1584598326717188
2024-08-21,1.021966951243125,0.2687323623211145
2024-08-22,1.0877697864751334,0.2674409423194005
2024-08-23,1.0581076544030492,0.24041404436032518
2024-08-24,1.2894054993611275,0.3568825320248383
2024-08-25,1.2085378367477777,0.3464654030482266
2024-08-26,1.191784257935151,0.653065249518104
2024-08-27,0.9529381052204562,0.340088998517676
2024-08-28,0.35320579800602026,0.0981502235798719
2024-08-29,0.7803614914666107,0.2226382195814455
2024-08-30,1.2156729713375525,0.2537460564406612
2024-08-31,1.8042879403078795,0.8891018068421177
2024-09-01,1.3797192207041196,0.3616613874041756
2024-09-02,0.808112586696759,0.7066909108547991
2024-09-03,0.7526753335539755,0.22457966625763903
2024-09-04,1.3459822664609373,0.7305497259681873
2024-09-05,2.0251649583732947,1.490906983795549
2024-09-06,1.0085393417498303,0.8951178781014877
2024-09-07,1.415730271406217,0.700738913892581
2024-09-08,1.24715832387514,1.5241968624350115
2024-09-09,1.5057558851835788,0.434837850856563
2024-09-10,1.105739580115192,0.566243118801323
2024-09-11,0.8790134681224578,0.336897152436726
2024-09-12,0.2103136635953054,0.2772198618557166
2024-09-13,0.9599641609942642,0.4591414247665212
2024-09-14,0.7962383628173151,0.6294015613211366
2024-09-15,1.242657601871622,0.3893837778720497
2024-09-16,0.903726695086214,0.24171954963591122
2024-09-17,0.8194583582175835,0.17154733613353834
2024-09-18,0.8577576504737714,0.29006668704136
2024-09-19,0.8227389044019376,1.1750826830929444
2024-09-20,1.1313575931460762,0.4195275691422361
2024-09-21,1.160330090110427,0.43517759625854174
2024-09-22,0.7592305520581091,0.1806927111571123
2024-09-23,0.7801375004562031,0.3312479735114653
2024-09-24,0.7287573858741256,0.1063892441258726
2024-09-25,0.6617245565196105,0.26654603603344584
2024-09-26,1.0770816388234536,0.9296687243755705
2024-09-27,0.8926225545941886,0.3488324175156533
2024-09-28,0.6470997912132357,0.2263901697256476
2024-09-29,0.3902242623872465,0.1931801213183846
2024-09-30,0.40398820780738975,0.20745451014766267
2024-10-01,0.8476192110515686,0.19318900977458045
2024-10-02,1.1273689906797801,1.1041060657623536
2024-10-03,1.1581042100953114,0.6197818366989198
2024-10-04,0.6654103986644396,0.1402717965058125
2024-10-05,0.6216305786157575,0.18993583795395771
2024-10-06,0.3044948710871834,0.12651914403405656
2024-10-07,0.6395408135220348,0.2951912096637538
2024-10-08,0.7207702533222895,0.17327913253108448
2024-10-09,0.6533569177145171,0.2269000372996738
2024-10-10,0.2963057881108774,0.5843918365645361
2024-10-11,0.5646863595731814,0.08119395973089229
2024-10-12,0.8006233022957824,0.2823660972670448
2024-10-13,0.7589681843020114,0.31160968979295073
2024-10-14,0.8959132550774436,0.5326656460384934
2024-10-15,0.817661167933719,0.19356997478810417
2024-10-16,0.4885675941579049,0.11696996939843039
2024-10-17,0.8321238425630512,0.5482107916481347
2024-10-18,0.6440577539346726,0.14272883189926233
2024-10-19,0.2243078965301747,0.13737461758419708
2024-10-20,0.38954481533535523,0.3726804478694838
2024-10-21,0.5547434843622744,0.12642592976796457
2024-10-22,0.32457158491421445,0.28943539258447304
2024-10-23,0.6559803016349576,0.15673368874640295
2024-10-24,0.8206856173880688,0.32291425627692755
2024-10-25,0.6132903078884526,0.373463528068017
2024-10-26,0.5901709309961596,0.1946646557224127
2024-10-27,0.4361163342858133,0.06534743292534888
2024-10-28,0.4841575278462687,0.0832387017096265
2024-10-29,0.40309110174958024,0.06868060155718717
2024-10-30,0.43450998434804566,0.0841139947717899
2024-10-31,0.38670782431000045,0.18648811413205657
2024-11-01,0.5087037775902159,0.4151260771481948
2024-11-02,0.6942985616475638,0.5539174551946515
2024-11-03,0.4941322522460554,0.3660518949561904
2024-11-04,0.5850032987212302,0.3153824245954635
2024-11-05,0.766575067656155,0.6476852269826231
2024-11-06,0.8703071814528321,0.6665204528694668
2024-11-07,0.6785546625539965,0.4982216227870124
2024-11-08,0.6992547002545182,0.5196064509525113
2024-11-09,0.48620327121040835,0.21273719591633464
2024-11-10,0.496209938113617,0.172901741369118
2024-11-11,0.529488936177217,0.30889330441531154
2024-11-12,0.5838792841536268,0.4072248006496727
2024-11-13,0.5076314838277295,0.23998053626018967
2024-11-14,0.4840074137557593,0.17443169788377955
2024-11-15,0.42934888530710286,0.06725058360937276
2024-11-16,0.45104459750253245,0.05916944822327181
2024-11-17,0.5886614683985895,0.08872811615089962
2024-11-18,0.6196973710756798,0.06981520893956861
2024-11-19,0.6974810133801951,0.17456109932157704
2024-11-20,0.6423216990559462,0.47683154531326777
2024-11-21,0.614506167442203,0.2899514699219629
2024-11-22,0.5330544506151402,0.28496642845038384
2024-11-23,0.4098657239902383,0.4064371504030115
2024-11-24,0.6989952604969236,0.22655773764386172
2024-11-25,0.903034766307366,0.47167084012035243
2024-11-26,0.79407399141122,0.3129783161052574
2024-11-27,0.45502819892269447,0.27175667311520746
2024-11-28,0.3954891473028783,0.286788631649666
2024-11-29,0.5818294285803162,0.40227796189564574
2024-11-30,0.5670865793630506,0.3161271508115521
2024-12-01,0.40000941306069476,0.1252314256043778
2024-12-02,0.38986791077316585,0.27024949250914476
2024-12-03,0.3300749294317332,0.10294490872419311
2024-12-04,0.25466536497017966,0.12265969846616805
2024-12-05,0.3225662695609984,0.12091142173336271
2024-12-06,0.29903565733815624,0.20443691192347904
2024-12-07,0.2712712898356559,0.11322729891608126
2024-12-08,0.2614075330831554,0.15940970368698
2024-12-09,0.4341598631128746,0.44024756126730097
2024-12-10,0.2774322202563088,0.047726952147342704
2024-12-11,0.26692668323598284,0.07521436802679114
2024-12-12,0.2695546411778453,0.0529128357041237
2024-12-13,0.35638820277878475,0.2368243445996787
2024-12-14,0.22438672081059294,0.053173994907418656
2024-12-15,0.15085207344590024,0.10807841835181906
2024-12-16,0.2719399712440515,0.06962474151857823
2024-12-17,0.18248517410182538,0.10067681430765181
2024-12-18,0.2835686570639133,0.1652825554675979
2024-12-19,0.13037577025626476,0.1120585999334772
2024-12-20,0.2905378717320261,0.2053865760617713
2024-12-21,0.3475979914493226,0.23047858178828723
2024-12-22,0.1742567974133464,0.15314161638123672
2024-12-23,0.15672677608976965,0.03970834404872305
2024-12-24,0.17246838585460567,0.04224725632726434
2024-12-25,0.17454482759103443,0.0
2024-12-26,0.1518790057625679,0.039295212223691395
2024-12-27,0.1509221434519893,0.05805622269103171
2024-12-28,0.16823154018283215,0.10544941483118646
2024-12-29,0.1448230508990889,0.090595030144619
2024-12-30,0.23480935494158137,0.12376557587286134
2024-12-31,0.1853383189394774,0.17947700674729877
2025-01-01,0.1696292357660793,0.1334550907431751
2025-01-02,0.0859504727983895,0.14064115955000683
2025-01-03,0.1542602733591256,0.027648001980379276
2025-01-04,0.197565624874863,0.08349821372161781
2025-01-05,0.29516124380200986,0.4014529357707492
2025-01-06,0.1363855196991695,0.0183585677749772
2025-01-07,0.1882229934819009,0.09817672629058824
2025-01-08,0.1651635558361371,0.05427147438957824
2025-01-09,0.22695280963230466,0.04482548943361923
2025-01-10,0.22094824052975148,0.023686892611326428
2025-01-11,0.16986474209075633,0.07077862614092077
2025-01-12,0.1852710320927511,0.017718701685800718
2025-01-13,0.2887812349536523,0.10159401735491098
2025-01-14,0.30592891419365503,0.21824304622725021
2025-01-15,0.2656323237412978,0.20001644039916208
2025-01-16,0.2678706360964464,0.16783962879642095
2025-01-17,0.49790698167892655,0.6543019714249554
2025-01-18,0.2986846041343942,0.1067997233668037
2025-01-19,0.1690208590847818,0.19216814877379618
2025-01-20,0.16141263367768555,0.11614683681550755
2025-01-21,0.17354620795672762,0.02420969800287306
2025-01-22,0.12401787327075064,0.03153076735294067
2025-01-23,0.20213001227403518,0.17013085904765604
2025-01-24,0.258273339934328,0.2307340410039576
2025-01-25,0.23438034497324434,0.2581939392053293
2025-01-26,0.10224277841999097,0.0798727990686792
2025-01-27,0.2509600783061836,0.2069565828515552
2025-01-28,0.17805876681166555,0.12487760146433095
2025-01-29,0.1223444862648488,0.0549115977339778
2025-01-30,0.17342107140027557,0.09818871202343224
2025-01-31,0.1967933490620616,0.6366618504961942
2025-02-01,0.12109539062988174,0.042850284474127164
2025-02-02,0.25169308366705223,0.5230536287750074
2025-02-03,0.4216305764662865,0.479214905747481
2025-02-04,0.4118215073372314,0.47378078087752207
2025-02-05,0.7675343857213854,0.42243886739777076
2025-02-06,0.2422892251849992,0.2980594015742533
2025-02-07,0.21612105025181474,0.05473114767901054
2025-02-08,0.2126764472778278,0.0760555931635362
2025-02-09,0.15960074967667803,0.15300580106950504
2025-02-10,0.1665382986024898,0.0816970135277504
2025-02-11,0.32213180537470715,0.10070914169235147
2025-02-12,0.36211036262009694,0.6546848405607719
2025-02-13,0.13967936064520411,0.23576169255864818
2025-02-14,0.1785410711074613,0.215296876811017
2025-02-15,0.16741604682011055,0.06292312826060704
2025-02-16,0.30683298844056345,0.28274326217017753
2025-02-17,0.22605128222605633,0.17328564240987096
2025-02-18,0.10270127309988648,0.15079447284562905
2025-02-19,0.13964077626479507,0.019724458840938913
2025-02-20,0.1604609665976018,0.03307341028257488
2025-02-21,0.18632370794165176,0.07559639569842863
2025-02-22,0.1653028574391576,0.21880435358357814
2025-02-23,0.10709386454942851,0.02050409115998938
2025-02-24,0.1453623955907317,0.06932860484135195
2025-02-25,0.1986654326049203,0.05389309615754859
2025-02-26,0.1091708798323421,0.06378506821337043
2025-02-27,0.13546553832569352,0.07927598486926409
2025-02-28,0.0860185272145406,0.1874210905748594
2025-03-01,0.1404251145340687,0.0740259283127817
2025-03-02,0.2391687436671902,0.28677734284651274
2025-03-03,0.36084923734642377,0.3918655052796515
2025-03-04,0.2546668977191182,0.1519427366781999
2025-03-05,0.11211375165656592,0.07391904565503073
2025-03-06,0.07079725067164974,0.059174716006891975
2025-03-07,0.1198409003729263,0.2749862000133622
2025-03-08,0.17757171730218876,0.1138058005942008
2025-03-09,0.1444461494249765,0.0558701671240468
2025-03-10,0.13439766172593018,0.03043191164808387
2025-03-11,0.1438970016845492,0.039475685913779146
2025-03-12,0.12212392237221985,0.05078345444373535
2025-03-13,0.013410861556856028,0.13964643487078068
2025-03-14,0.060705095861718,0.0
2025-03-15,0.11554857323969495,0.0134303982539356
2025-03-16,0.11757293463756321,0.09626182669824915
2025-03-17,0.2507576470183528,0.1584742870854333
2025-03-18,0.11111381327458168,0.07758711090519642
2025-03-19,0.06702345711487144,0.023390383698865664
2025-03-20,0.057780176890803225,0.12093810508726599
2025-03-21,0.12030677718311894,0.09527445498711672
2025-03-22,0.14192149303062054,0.15161294811765313
2025-03-23,0.1242819574224531,0.031082492808567657
2025-03-24,0.09405909300281177,0.015144559215854052
2025-03-25,0.1544216652106196,0.10359935871906689
2025-03-26,0.1679070676543028,0.2080198693952234
2025-03-27,0.16530198321149914,0.06992463420809969
2025-03-28,0.21899268967880264,0.25892336674463823
2025-03-29,0.11767316662696992,0.06280809497656048
2025-03-30,0.1167708332460977,0.0448637853127743
2025-03-31,0.3932566568062652,0.4081982883854411
2025-04-01,0.232011933528096,0.31973564336528254
2025-04-02,0.36104033823237647,0.6070863162007735
2025-04-03,0.3562154851530978,0.2165565042139587
2025-04-04,0.1598955039618612,0.1677061408543472
2025-04-05,0.12213735404619327,0.0
2025-04-06,0.17579094530706538,0.0888998539120618
2025-04-07,0.22053986111903823,0.08056017050724677
2025-04-08,3.0093674036899346e-06,0.14936960983466271
2025-04-09,0.06726830824682685,0.04910945001017218
2025-04-10,0.1774398641484481,0.0
2025-04-11,0.142494470758621,0.03871608328932335
2025-04-12,0.18172175725108353,0.09857881036323186
2025-04-13,0.1019704619620892,0.0840344093823414
2025-04-14,0.06608804829502124,0.18790537741317656
2025-04-15,0.4293520252266575,0.1502351732875719
2025-04-16,0.39748555442421357,0.1353122655600859
2025-04-17,0.36455888868242775,0.29375164358761535
2025-04-18,0.17871516010545901,0.06065587883045228
2025-04-19,0.1356690329282287,0.1673341994921285
2025-04-20,0.05096621420859674,0.20089150244577816
2025-04-21,0.14768235419557624,0.08395113359742615
2025-04-22,0.18713495856350204,0.19103308177054282
2025-04-23,0.09205687069962966,0.12618335755625704
2025-04-24,0.30699427100480614,0.33610441226207244
2025-04-25,0.11826431964161041,0.1141222058040486
2025-04-26,0.1092157465433021,0.007820944242862319
2025-04-27,0.175688078413395,0.2700800940616718
2025-04-28,0.038768847967785604,0.2352482867815495
2025-04-29,0.06795824798124214,0.034494958005396155
2025-04-30,0.10712812762375715,0.0315260637874682
2025-05-01,0.1731942898828892,0.004891369590000702
2025-05-02,0.24270427488545712,0.4104078483459281
2025-05-03,0.3028902612054467,0.44545044226739994
2025-05-04,0.3904721360376852,0.1808238258645062
2025-05-05,0.1396030712253446,0.12452264215764611
2025-05-06,0.17781348392252833,0.14022365839423168
2025-05-07,0.5672745966439401,0.2753088169532963
2025-05-08,0.210487231510706,0.0
2025-05-09,0.3582140328725977,0.30171173325815664
2025-05-10,0.3786235115800493,0.3367119251152844
2025-05-11,0.15975917515041113,0.0027140877685296726
2025-05-12,0.1425490226127866,0.036070917053927495
2025-05-13,0.12400041496528727,0.04237031049652531
2025-05-14,0.10525921232842406,0.053760790286917444
2025-05-15,0.12261355188552385,0.022798626151094504
2025-05-16,0.07587247630782769,0.018918515089210428
2025-05-17,0.0768305581283743,0.0925155669271766
2025-05-18,0.20005263424462222,0.05841871122411448
2025-05-19,0.12693843762119558,0.056855581524209095
2025-05-20,0.1341236121826498,0.4649612450206597
2025-05-21,0.23053775665482282,0.1918908366651092
2025-05-22,0.13599637760226085,0.03140923583858536
2025-05-23,0.0816473279865262,0.1741263562164034
2025-05-24,0.08870155832862534,0.466917612676171
2025-05-25,0.10782539137926767,0.08294807248693563
2025-05-26,0.11062564185984913,0.100445005953415
2025-05-27,0.12655784209546858,0.1858702187133496
2025-05-28,0.249851915528215,0.08693216031429699
2025-05-29,0.16907188500797923,0.015942130716314774
2025-05-30,0.26657223903179206,0.0
2025-05-31,0.15066147550324904,0.06742809565530906
2025-06-01,0.18652735373879786,0.11144726219524843
2025-06-02,0.1315839724323032,0.1737304279770361
2025-06-03,0.21067143892537227,0.09070100967991071
2025-06-04,0.5491577248552973,0.1614729652846748
2025-06-05,0.479581275496675,0.2257007871103357
2025-06-06,0.36757211112571775,0.465750096157699
2025-06-07,0.623947500840873,0.2947897950656536
2025-06-08,0.5364890111471858,0.33701034988839484
2025-06-09,0.5809143661805891,0.27048652949965857
2025-06-10,0.6098894384264286,0.2357062159585462
2025-06-11,0.40889880134228895,0.4620723126048183
2025-06-12,0.021444400452045147,0.9659181235738424
2025-06-13,0.0,1.9299992581877417
2025-06-14,0.01161082893628885,0.8237724237502329
2025-06-15,0.10444080649507101,0.6751786580387942
2025-06-16,0.025487642269465732,0.7356564592722307
2025-06-17,0.012853054307132265,1.0125959153500461
2025-06-18,0.031219116304877444,0.912724335854357
2025-06-19,0.06390243298317377,0.8039443612875203
2025-06-20,0.0958221100560974,1.176078817793678
2025-06-21,0.12189671535970381,1.052211934227609
2025-06-22,0.4819447658938475,0.46258693012016416
2025-06-23,0.7203067870170429,0.8595593234295129
2025-06-24,0.17221330671685517,0.15243264867171305
2025-06-25,0.13148410485405732,0.3218479802498232
2025-06-26,0.13811233462072212,0.629323604052755
2025-06-27,0.2578596652839105,0.3952055467963514
2025-06-28,0.17311265365653145,0.11322866481425685
